ID_Ticket,Fecha,Dia_Semana,Hora_Dia,Monto_Total,Cantidad_Items,Para_Llevar,Tiempo_Permanencia_Min,Metodo_Pago
T0001,2026-06-01,1,9,16.5,3,1,2.0,Tarjeta
T0002,2026-06-01,1,10,13.3,2,0,11.0,Efectivo
T0003,2026-06-01,1,12,14.0,1,0,32.0,Plin
T0004,2026-06-01,1,12,36.9,4,0,13.0,Plin
T0005,2026-06-01,1,12,9.4,2,0,15.0,Yape
T0006,2026-06-01,1,12,28.3,3,0,53.0,Efectivo
T0007,2026-06-01,1,13,31.9,4,0,24.0,Plin
T0008,2026-06-01,1,13,32.8,4,0,47.0,Efectivo
T0009,2026-06-01,1,13,31.3,4,0,57.0,Yape
T0010,2026-06-01,1,14,39.4,4,0,43.0,Yape
T0011,2026-06-01,1,21,119.0,6,1,14.0,Plin
T0012,2026-06-02,2,8,13.3,2,1,4.0,Plin
T0013,2026-06-02,2,8,13.4,2,1,3.0,Tarjeta
T0014,2026-06-02,2,9,16.2,1,0,24.0,Efectivo
T0015,2026-06-02,2,9,16.0,1,1,3.0,Tarjeta
T0016,2026-06-02,2,10,21.4,2,0,22.0,Efectivo
T0017,2026-06-02,2,12,41.7,2,1,3.0,Plin
T0018,2026-06-02,2,12,35.3,3,0,45.0,Yape
T0019,2026-06-02,2,13,45.7,3,0,44.0,Tarjeta
T0020,2026-06-02,2,14,39.0,4,0,42.0,Yape
T0021,2026-06-02,2,14,35.2,3,0,49.0,Tarjeta
T0022,2026-06-02,2,14,32.1,4,0,42.0,Yape
T0023,2026-06-02,2,15,63.0,2,0,28.0,Yape
T0024,2026-06-02,2,16,11.6,2,1,4.0,Efectivo
T0025,2026-06-02,2,17,15.4,1,0,25.0,Tarjeta
T0026,2026-06-02,2,17,11.2,2,1,4.0,Efectivo
T0027,2026-06-02,2,17,13.6,1,0,32.0,Yape
T0028,2026-06-02,2,17,12.4,1,1,3.0,Efectivo
T0029,2026-06-02,2,20,73.2,8,0,73.0,Plin
T0030,2026-06-03,3,7,11.4,3,1,2.0,Efectivo
T0031,2026-06-03,3,7,17.1,2,0,21.0,Yape
T0032,2026-06-03,3,8,14.3,2,1,5.0,Efectivo
T0033,2026-06-03,3,8,16.4,3,0,20.0,Yape
T0034,2026-06-03,3,9,14.0,2,1,3.0,Yape
T0035,2026-06-03,3,9,14.0,1,1,4.0,Efectivo
T0036,2026-06-03,3,10,13.9,3,1,4.0,Plin
T0037,2026-06-03,3,12,41.6,3,1,5.0,Efectivo
T0038,2026-06-03,3,12,33.8,4,0,41.0,Plin
T0039,2026-06-03,3,12,27.0,4,1,7.0,Efectivo
T0040,2026-06-03,3,12,27.9,2,1,10.0,Yape
T0041,2026-06-03,3,14,35.0,4,0,39.0,Efectivo
T0042,2026-06-03,3,16,7.6,1,0,38.0,Efectivo
T0043,2026-06-03,3,17,15.5,1,0,26.0,Efectivo
T0044,2026-06-03,3,17,7.7,1,1,5.0,Tarjeta
T0044,2026-06-03,3,17,7.7,1,1,5.0,Tarjeta
T0045,2026-06-03,3,17,5.7,1,1,4.0,Efectivo
T0046,2026-06-03,3,18,6.2,1,0,26.0,Yape
T0047,2026-06-04,4,7,17.6,1,0,17.0,Yape
T0048,2026-06-04,4,8,16.4,2,0,26.0,Efectivo
T0049,2026-06-04,4,9,15.2,2,1,4.0,Efectivo
T0050,2026-06-04,4,9,13.2,1,0,28.0,Efectivo
T0051,2026-06-04,4,10,18.8,2,1,2.0,Efectivo
T0052,2026-06-04,4,12,34.8,2,0,51.0,Efectivo
T0053,2026-06-04,4,12,32.9,3,0,36.0,Efectivo
T0054,2026-06-04,4,13,32.2,3,0,25.0,Efectivo
T0055,2026-06-04,4,13,31.3,3,0,39.0,Efectivo
T0056,2026-06-04,4,13,33.9,3,0,47.0,Yape
T0057,2026-06-04,4,15,10.6,1,0,33.0,Efectivo
T0058,2026-06-04,4,16,7.5,2,0,27.0,Plin
T0059,2026-06-04,4,16,8.7,2,0,43.0,Efectivo
T0060,2026-06-04,4,17,9.1,2,0,26.0,Efectivo
T0061,2026-06-04,4,18,14.2,2,0,20.0,Efectivo
T0061,2026-06-04,4,18,14.2,2,0,20.0,Efectivo
T0062,2026-06-04,4,18,7.4,1,1,,Efectivo
T0063,2026-06-05,5,8,16.1,3,0,32.0,Efectivo
T0064,2026-06-05,5,8,18.9,2,0,21.0,Efectivo
T0065,2026-06-05,5,9,9.7,1,1,6.0,Yape
T0066,2026-06-05,5,9,19.7,3,0,32.0,Efectivo
T0067,2026-06-05,5,12,35.0,3,0,50.0,Tarjeta
T0068,2026-06-05,5,12,32.4,3,1,5.0,Efectivo
T0069,2026-06-05,5,12,24.2,2,1,,Plin
T0070,2026-06-05,5,13,31.6,3,0,50.0,Yape
T0071,2026-06-05,5,13,31.1,4,1,6.0,Yape
T0072,2026-06-05,5,15,5.8,2,0,34.0,Plin
T0073,2026-06-05,5,16,9.3,1,0,20.0,Efectivo
T0074,2026-06-05,5,16,8.6,2,0,17.0,Efectivo
T0075,2026-06-05,5,16,10.7,2,0,13.0,Tarjeta
T0076,2026-06-05,5,16,14.3,2,0,19.0,Efectivo
T0077,2026-06-05,5,17,16.4,2,1,5.0,Efectivo
T0078,2026-06-05,5,17,6.9,1,0,28.0,Efectivo
T0079,2026-06-05,5,18,9.3,2,1,5.0,Plin
T0080,2026-06-05,5,19,114.4,4,0,76.0,Efectivo
T0081,2026-06-05,5,20,68.8,4,0,102.0,Efectivo
T0082,2026-06-05,5,20,75.4,9,0,77.0,Yape
T0083,2026-06-05,5,21,75.2,6,0,72.0,
T0084,2026-06-05,5,21,82.8,7,0,53.0,Tarjeta
T0085,2026-06-06,6,10,22.3,2,0,8.0,Yape
T0086,2026-06-06,6,14,36.2,4,0,,Plin
T0087,2026-06-06,6,16,13.8,1,0,32.0,Efectivo
T0088,2026-06-06,6,16,14.2,2,0,42.0,Efectivo
T0089,2026-06-06,6,17,8.5,1,0,33.0,Yape
T0090,2026-06-06,6,17,12.6,2,0,43.0,Efectivo
T0091,2026-06-06,6,17,9.9,2,0,,Yape
T0092,2026-06-06,6,19,107.7,9,0,81.0,Tarjeta
T0093,2026-06-06,6,19,78.2,8,0,69.0,Yape
T0094,2026-06-06,6,20,66.4,8,0,67.0,Yape
T0095,2026-06-06,6,20,85.9,5,0,70.0,Tarjeta
T0096,2026-06-06,6,21,99.8,7,0,41.0,Plin
T0097,2026-06-06,6,22,92.1,7,0,63.0,Tarjeta
T0098,2026-06-06,6,22,62.7,6,0,53.0,Plin
T0099,2026-06-07,7,13,40.0,3,0,33.0,Plin
T0100,2026-06-07,7,16,15.0,1,0,31.0,Yape
T0101,2026-06-07,7,16,8.4,1,0,31.0,Efectivo
T0102,2026-06-07,7,17,7.7,2,0,31.0,Efectivo
T0103,2026-06-07,7,20,75.5,6,0,72.0,Plin
T0104,2026-06-07,7,20,101.5,6,0,50.0,Efectivo
T0105,2026-06-07,7,20,107.8,5,0,58.0,Tarjeta
T0106,2026-06-07,7,20,56.6,8,0,68.0,Tarjeta
T0107,2026-06-07,7,21,96.3,5,0,87.0,Yape
T0108,2026-06-07,7,21,124.9,4,0,84.0,Efectivo
T0109,2026-06-07,7,21,87.5,8,0,70.0,Plin
T0110,2026-06-07,7,21,94.2,6,0,64.0,Tarjeta
T0111,2026-06-07,7,22,79.8,9,0,76.0,Yape
T0112,2026-06-08,1,7,17.6,2,1,5.0,Efectivo
T0113,2026-06-08,1,8,9.0,1,1,3.0,Efectivo
T0114,2026-06-08,1,8,15.5,1,0,15.0,Yape
T0115,2026-06-08,1,9,17.1,2,1,6.0,Yape
T0116,2026-06-08,1,13,29.3,3,0,36.0,Tarjeta
T0117,2026-06-08,1,14,24.6,4,1,6.0,Plin
T0118,2026-06-08,1,14,28.4,4,1,5.0,Tarjeta
T0118,2026-06-08,1,14,28.4,4,1,5.0,Tarjeta
T0119,2026-06-08,1,14,34.1,4,1,9.0,Yape
T0120,2026-06-08,1,15,11.8,1,0,33.0,Yape
T0121,2026-06-08,1,16,12.0,1,0,8.0,Yape
T0122,2026-06-08,1,17,14.6,2,1,8.0,Yape
T0123,2026-06-08,1,21,84.7,5,0,55.0,Efectivo
T0124,2026-06-09,2,8,15.9,2,1,3.0,Yape
T0125,2026-06-09,2,9,20.8,2,0,17.0,Efectivo
T0126,2026-06-09,2,10,8.0,3,0,29.0,Efectivo
T0127,2026-06-09,2,10,20.7,2,1,5.0,Efectivo
T0128,2026-06-09,2,10,15.5,2,1,6.0,Plin
T0129,2026-06-09,2,10,19.7,3,1,3.0,Yape
T0130,2026-06-09,2,12,36.2,4,0,39.0,Yape
T0131,2026-06-09,2,13,38.1,3,0,,Efectivo
T0132,2026-06-09,2,13,32.0,2,0,55.0,Efectivo
T0133,2026-06-09,2,13,30.3,2,0,26.0,Yape
T0134,2026-06-09,2,14,30.6,4,0,46.0,Plin
T0135,2026-06-09,2,14,34.1,3,0,28.0,Efectivo
T0136,2026-06-09,2,14,45.7,4,1,6.0,Tarjeta
T0137,2026-06-09,2,16,8.1,1,1,4.0,Efectivo
T0138,2026-06-09,2,16,7.1,1,0,19.0,Efectivo
T0139,2026-06-09,2,16,5.9,2,0,18.0,Tarjeta
T0140,2026-06-09,2,16,9.0,2,0,35.0,Efectivo
T0141,2026-06-09,2,17,11.5,1,0,27.0,Plin
T0142,2026-06-09,2,17,13.3,2,1,2.0,Efectivo
T0143,2026-06-09,2,17,12.4,2,0,34.0,Yape
T0144,2026-06-09,2,17,7.7,2,0,30.0,Tarjeta
T0145,2026-06-09,2,22,95.6,8,0,,Efectivo
T0146,2026-06-10,3,8,22.2,2,0,20.0,Efectivo
T0147,2026-06-10,3,8,14.1,2,0,24.0,Efectivo
T0148,2026-06-10,3,9,16.1,2,1,4.0,Efectivo
T0149,2026-06-10,3,10,12.0,1,0,9.0,Yape
T0150,2026-06-10,3,10,14.7,2,0,13.0,Yape
T0151,2026-06-10,3,11,14.6,1,0,37.0,Yape
T0152,2026-06-10,3,13,21.7,4,1,4.0,Tarjeta
T0153,2026-06-10,3,14,35.4,4,0,40.0,Plin
T0154,2026-06-10,3,15,13.3,2,0,11.0,Tarjeta
T0155,2026-06-10,3,15,6.2,2,1,3.0,Yape
T0156,2026-06-10,3,16,10.8,2,0,37.0,Efectivo
T0157,2026-06-10,3,19,7.5,2,1,3.0,Efectivo
T0158,2026-06-10,3,21,77.8,9,1,8.0,Efectivo
T0159,2026-06-10,3,22,73.6,6,0,85.0,Yape
T0160,2026-06-11,4,7,14.8,3,0,33.0,Tarjeta
T0161,2026-06-11,4,7,18.9,2,0,16.0,Efectivo
T0162,2026-06-11,4,8,17.1,2,0,24.0,Efectivo
T0163,2026-06-11,4,8,16.8,3,0,22.0,Plin
T0164,2026-06-11,4,8,20.7,1,1,3.0,Yape
T0165,2026-06-11,4,9,12.7,2,0,30.0,Efectivo
T0166,2026-06-11,4,9,10.8,3,1,3.0,Yape
T0167,2026-06-11,4,10,16.9,3,0,18.0,Efectivo
T0168,2026-06-11,4,10,8.0,2,0,27.0,Plin
T0169,2026-06-11,4,10,11.5,3,0,19.0,Efectivo
T0170,2026-06-11,4,12,25.3,4,0,34.0,Efectivo
T0171,2026-06-11,4,13,37.2,2,0,33.0,Plin
T0172,2026-06-11,4,13,37.3,2,1,5.0,Tarjeta
T0173,2026-06-11,4,14,38.8,3,0,37.0,Yape
T0174,2026-06-11,4,14,32.3,3,0,22.0,Efectivo
T0175,2026-06-11,4,16,12.3,1,0,18.0,Efectivo
T0176,2026-06-11,4,17,5.0,1,0,64.0,Efectivo
T0177,2026-06-11,4,17,15.1,1,0,34.0,Efectivo
T0178,2026-06-11,4,18,9.6,2,0,,Efectivo
T0179,2026-06-11,4,19,84.2,7,0,79.0,Tarjeta
T0180,2026-06-12,5,9,20.1,3,0,22.0,Yape
T0181,2026-06-12,5,9,14.3,1,0,26.0,Tarjeta
T0182,2026-06-12,5,11,25.0,9,1,7.0,Efectivo
T0183,2026-06-12,5,12,34.7,3,0,26.0,Yape
T0184,2026-06-12,5,13,35.4,2,0,23.0,Efectivo
T0185,2026-06-12,5,13,47.2,3,1,5.0,Efectivo
T0186,2026-06-12,5,13,5.0,1,0,27.0,Efectivo
T0186,2026-06-12,5,13,5.0,1,0,27.0,Efectivo
T0187,2026-06-12,5,14,40.8,4,0,32.0,Tarjeta
T0188,2026-06-12,5,15,11.4,1,0,31.0,Efectivo
T0189,2026-06-12,5,15,14.6,2,0,38.0,Yape
T0190,2026-06-12,5,16,5.7,1,0,35.0,Yape
T0191,2026-06-12,5,16,10.5,1,0,45.0,Efectivo
T0192,2026-06-12,5,18,10.7,2,0,41.0,Efectivo
T0193,2026-06-12,5,19,69.9,8,0,84.0,Plin
T0194,2026-06-12,5,19,105.9,7,0,47.0,Tarjeta
T0195,2026-06-12,5,20,101.0,4,0,59.0,Tarjeta
T0196,2026-06-12,5,20,73.0,8,0,89.0,Plin
T0197,2026-06-12,5,21,66.7,8,0,39.0,Efectivo
T0198,2026-06-12,5,21,120.6,6,0,46.0,Efectivo
T0199,2026-06-12,5,21,55.7,9,0,59.0,Plin
T0200,2026-06-13,6,13,30.7,3,0,,Efectivo
T0201,2026-06-13,6,18,10.5,2,0,32.0,Efectivo
T0202,2026-06-13,6,18,13.3,1,0,40.0,Tarjeta
T0203,2026-06-13,6,18,11.5,1,0,20.0,Tarjeta
T0204,2026-06-13,6,18,8.4,1,0,36.0,Efectivo
T0205,2026-06-13,6,18,10.5,1,0,30.0,Tarjeta
T0206,2026-06-13,6,20,74.7,7,0,75.0,Efectivo
T0207,2026-06-13,6,20,50.0,4,0,83.0,Tarjeta
T0208,2026-06-13,6,20,80.8,9,0,81.0,Yape
T0209,2026-06-13,6,21,89.6,7,1,5.0,Efectivo
T0210,2026-06-13,6,21,65.9,9,0,38.0,Efectivo
T0211,2026-06-13,6,22,50.0,8,0,67.0,Efectivo
T0212,2026-06-13,6,22,99.2,4,0,59.0,Tarjeta
T0213,2026-06-14,7,8,14.4,1,0,22.0,Efectivo
T0214,2026-06-14,7,15,12.2,1,1,4.0,Yape
T0215,2026-06-14,7,15,10.7,2,0,41.0,Efectivo
T0216,2026-06-14,7,16,11.1,1,1,5.0,Yape
T0217,2026-06-14,7,17,11.6,2,0,39.0,Efectivo
T0218,2026-06-14,7,18,15.3,2,0,12.0,Plin
T0219,2026-06-14,7,18,14.2,2,0,20.0,Efectivo
T0220,2026-06-14,7,19,68.3,7,0,86.0,Tarjeta
T0221,2026-06-14,7,20,80.9,6,0,54.0,Efectivo
T0222,2026-06-14,7,20,89.7,6,0,85.0,Yape
T0223,2026-06-14,7,20,50.0,7,0,56.0,Efectivo
T0224,2026-06-14,7,21,64.0,7,0,78.0,Plin
T0225,2026-06-14,7,21,89.2,5,0,44.0,Efectivo
T0226,2026-06-15,1,7,20.9,2,1,5.0,Yape
T0227,2026-06-15,1,7,13.2,2,0,25.0,Tarjeta
T0228,2026-06-15,1,7,20.0,3,0,28.0,
T0229,2026-06-15,1,8,20.0,1,0,20.0,Tarjeta
T0230,2026-06-15,1,8,19.5,1,1,5.0,Yape
T0231,2026-06-15,1,10,11.4,1,0,20.0,
T0232,2026-06-15,1,12,33.1,3,0,48.0,Yape
T0233,2026-06-15,1,12,45.0,2,1,6.0,Efectivo
T0234,2026-06-15,1,13,40.1,4,1,6.0,Yape
T0235,2026-06-15,1,14,25.2,3,0,41.0,Efectivo
T0236,2026-06-15,1,14,34.6,2,0,33.0,Efectivo
T0237,2026-06-15,1,16,9.3,2,0,24.0,Efectivo
T0238,2026-06-15,1,16,15.8,1,0,27.0,Efectivo
T0239,2026-06-15,1,18,6.3,2,0,15.0,Efectivo
T0240,2026-06-15,1,19,70.8,9,0,102.0,Tarjeta
T0241,2026-06-16,2,7,12.9,2,0,15.0,Tarjeta
T0242,2026-06-16,2,8,16.3,3,1,3.0,Efectivo
T0243,2026-06-16,2,8,18.5,2,1,5.0,Efectivo
T0244,2026-06-16,2,8,18.1,1,0,,Yape
T0245,2026-06-16,2,8,15.9,1,1,6.0,Efectivo
T0246,2026-06-16,2,8,17.6,1,0,28.0,Tarjeta
T0247,2026-06-16,2,9,9.5,3,0,26.0,Yape
T0248,2026-06-16,2,9,10.0,1,0,27.0,Efectivo
T0249,2026-06-16,2,12,29.1,3,0,37.0,Yape
T0250,2026-06-16,2,12,38.4,4,0,47.0,Plin
T0251,2026-06-16,2,13,25.9,3,1,4.0,Plin
T0252,2026-06-16,2,13,40.5,2,1,2.0,Plin
T0253,2026-06-16,2,13,31.3,2,0,51.0,Efectivo
T0254,2026-06-16,2,13,40.6,2,0,43.0,Plin
T0255,2026-06-16,2,13,33.1,3,0,32.0,Efectivo
T0256,2026-06-16,2,13,27.8,4,0,51.0,Efectivo
T0257,2026-06-16,2,13,35.0,4,0,51.0,Plin
T0258,2026-06-16,2,14,42.8,3,0,29.0,Efectivo
T0259,2026-06-16,2,15,10.2,1,1,5.0,Yape
T0260,2026-06-16,2,15,12.2,2,0,17.0,Yape
T0261,2026-06-16,2,16,5.7,2,0,9.0,Yape
T0262,2026-06-16,2,16,10.9,2,1,4.0,Yape
T0263,2026-06-16,2,16,11.0,2,1,6.0,Plin
T0264,2026-06-16,2,17,7.3,2,0,26.0,Efectivo
T0265,2026-06-16,2,18,8.1,2,0,18.0,Yape
T0266,2026-06-17,3,7,15.9,2,0,20.0,Efectivo
T0267,2026-06-17,3,8,12.8,1,0,18.0,Efectivo
T0268,2026-06-17,3,8,22.3,2,1,6.0,Efectivo
T0269,2026-06-17,3,8,18.5,1,1,4.0,Efectivo
T0270,2026-06-17,3,9,16.5,3,0,24.0,Efectivo
T0271,2026-06-17,3,9,12.9,1,1,4.0,Plin
T0272,2026-06-17,3,10,21.9,3,0,18.0,Efectivo
T0273,2026-06-17,3,12,41.1,4,1,8.0,Efectivo
T0274,2026-06-17,3,12,39.6,3,1,-20.0,Efectivo
T0275,2026-06-17,3,13,41.1,4,0,34.0,Tarjeta
T0276,2026-06-17,3,14,31.5,2,1,5.0,Plin
T0277,2026-06-17,3,15,6.1,1,1,5.0,Efectivo
T0278,2026-06-17,3,16,14.6,1,1,3.0,Yape
T0279,2026-06-17,3,16,15.6,1,0,32.0,Yape
T0280,2026-06-17,3,16,9.7,2,0,15.0,
T0281,2026-06-17,3,16,14.8,1,0,41.0,Yape
T0282,2026-06-17,3,16,15.4,1,0,43.0,Efectivo
T0283,2026-06-17,3,18,11.6,1,0,27.0,Plin
T0284,2026-06-17,3,18,13.2,2,0,26.0,Plin
T0285,2026-06-18,4,7,10.3,2,0,11.0,Efectivo
T0285,2026-06-18,4,7,10.3,2,0,11.0,Efectivo
T0286,2026-06-18,4,8,17.4,3,1,4.0,Efectivo
T0287,2026-06-18,4,13,29.6,4,0,50.0,Tarjeta
T0288,2026-06-18,4,13,29.8,2,0,32.0,Efectivo
T0289,2026-06-18,4,13,38.8,2,0,28.0,Yape
T0290,2026-06-18,4,13,35.4,2,0,39.0,Efectivo
T0291,2026-06-18,4,13,39.0,2,0,37.0,Efectivo
T0292,2026-06-18,4,15,5.0,2,0,35.0,Efectivo
T0293,2026-06-18,4,15,12.6,3,0,,Efectivo
T0294,2026-06-18,4,16,11.9,2,0,39.0,Efectivo
T0295,2026-06-18,4,17,62.6,1,1,4.0,Tarjeta
T0296,2026-06-18,4,17,13.9,2,0,21.0,Yape
T0297,2026-06-19,5,8,16.4,1,1,7.0,Yape
T0298,2026-06-19,5,9,16.8,3,0,32.0,Yape
T0299,2026-06-19,5,10,17.3,1,0,21.0,Efectivo
T0300,2026-06-19,5,12,23.7,4,0,43.0,Plin
T0301,2026-06-19,5,12,42.5,2,0,39.0,Tarjeta
T0302,2026-06-19,5,12,45.4,4,0,27.0,Efectivo
T0303,2026-06-19,5,13,34.8,3,1,5.0,Efectivo
T0304,2026-06-19,5,13,41.5,4,0,46.0,Yape
T0305,2026-06-19,5,14,27.2,2,0,,Yape
T0306,2026-06-19,5,14,27.4,3,0,51.0,Yape
T0307,2026-06-19,5,14,36.7,2,0,44.0,Efectivo
T0308,2026-06-19,5,17,15.2,1,0,29.0,Efectivo
T0309,2026-06-19,5,17,14.8,1,0,22.0,Plin
T0310,2026-06-19,5,18,10.7,1,0,18.0,Efectivo
T0311,2026-06-19,5,19,66.8,4,0,87.0,Tarjeta
T0312,2026-06-19,5,20,102.6,5,0,52.0,Tarjeta
T0313,2026-06-19,5,20,112.0,8,0,52.0,Plin
T0314,2026-06-19,5,20,50.1,6,1,13.0,Yape
T0315,2026-06-19,5,21,92.5,6,0,76.0,Efectivo
T0316,2026-06-19,5,21,101.3,7,0,58.0,Plin
T0317,2026-06-19,5,22,63.1,8,0,66.0,Tarjeta
T0318,2026-06-19,5,22,102.4,6,0,,Tarjeta
T0319,2026-06-20,6,15,14.9,2,0,48.0,Efectivo
T0320,2026-06-20,6,17,11.2,2,0,17.0,Efectivo
T0321,2026-06-20,6,17,12.2,1,1,5.0,Yape
T0322,2026-06-20,6,18,8.5,1,0,24.0,Plin
T0323,2026-06-20,6,19,93.5,4,0,77.0,Efectivo
T0324,2026-06-20,6,19,74.3,5,0,76.0,Efectivo
T0325,2026-06-20,6,19,83.2,4,0,81.0,Tarjeta
T0326,2026-06-20,6,19,114.1,8,0,49.0,Tarjeta
T0327,2026-06-20,6,20,106.3,8,0,86.0,Plin
T0328,2026-06-20,6,20,83.6,4,0,67.0,Plin
T0329,2026-06-20,6,20,116.0,4,0,77.0,Efectivo
T0330,2026-06-20,6,21,84.7,6,0,79.0,Efectivo
T0331,2026-06-20,6,21,70.7,5,0,57.0,Yape
T0332,2026-06-20,6,21,63.7,6,0,54.0,Efectivo
T0333,2026-06-20,6,21,81.5,4,0,69.0,Yape
T0334,2026-06-21,7,7,9.3,7,0,61.0,Tarjeta
T0335,2026-06-21,7,9,16.0,1,0,24.0,Yape
T0336,2026-06-21,7,10,15.9,1,1,6.0,
T0337,2026-06-21,7,15,11.2,1,0,30.0,Yape
T0338,2026-06-21,7,16,7.6,1,0,27.0,Yape
T0339,2026-06-21,7,16,8.9,2,0,15.0,Yape
T0340,2026-06-21,7,16,17.7,1,0,30.0,Yape
T0341,2026-06-21,7,16,10.7,2,0,18.0,Yape
T0342,2026-06-21,7,17,14.1,1,1,4.0,Yape
T0343,2026-06-21,7,19,95.1,5,0,91.0,Yape
T0344,2026-06-21,7,21,125.4,7,0,75.0,Tarjeta
T0345,2026-06-22,1,7,20.0,3,0,32.0,Efectivo
T0346,2026-06-22,1,7,23.1,1,1,6.0,Yape
T0347,2026-06-22,1,8,18.7,1,0,23.0,Efectivo
T0348,2026-06-22,1,8,18.9,0,0,23.0,Yape
T0349,2026-06-22,1,9,17.3,3,1,3.0,Plin
T0350,2026-06-22,1,12,35.8,3,1,8.0,Yape
T0351,2026-06-22,1,12,41.0,4,0,52.0,Plin
T0352,2026-06-22,1,13,24.3,3,1,8.0,Yape
T0353,2026-06-22,1,13,37.0,4,0,30.0,Yape
T0354,2026-06-22,1,14,39.1,4,1,11.0,Efectivo
T0355,2026-06-22,1,14,34.1,3,0,47.0,Efectivo
T0356,2026-06-22,1,14,24.5,3,0,43.0,Plin
T0357,2026-06-22,1,16,11.3,2,0,27.0,Efectivo
T0358,2026-06-22,1,16,11.2,1,0,32.0,Efectivo
T0359,2026-06-22,1,17,8.6,2,1,3.0,Tarjeta
T0360,2026-06-22,1,20,107.2,7,0,73.0,Tarjeta
T0361,2026-06-23,2,7,13.2,3,0,14.0,Efectivo
T0362,2026-06-23,2,8,17.8,1,0,21.0,Efectivo
T0363,2026-06-23,2,8,18.7,3,1,2.0,Efectivo
T0364,2026-06-23,2,8,13.0,3,1,5.0,Tarjeta
T0364,2026-06-23,2,8,13.0,3,1,5.0,Tarjeta
T0365,2026-06-23,2,8,12.6,3,0,16.0,Yape
T0366,2026-06-23,2,8,8.0,2,0,37.0,Efectivo
T0367,2026-06-23,2,10,14.2,1,0,21.0,Efectivo
T0368,2026-06-23,2,10,17.0,1,1,5.0,Tarjeta
T0369,2026-06-23,2,12,29.0,3,0,42.0,Yape
T0370,2026-06-23,2,12,32.9,3,0,49.0,Yape
T0371,2026-06-23,2,13,36.2,4,0,44.0,Efectivo
T0372,2026-06-23,2,13,41.6,4,1,4.0,Efectivo
T0373,2026-06-23,2,14,46.8,3,0,27.0,Plin
T0374,2026-06-23,2,14,33.8,3,1,7.0,Plin
T0375,2026-06-23,2,14,20.6,3,1,3.0,Tarjeta
T0376,2026-06-23,2,14,21.7,3,0,30.0,Efectivo
T0377,2026-06-23,2,15,9.0,1,0,20.0,Efectivo
T0378,2026-06-23,2,17,12.5,2,1,5.0,Yape
T0379,2026-06-23,2,17,7.0,2,1,5.0,Yape
T0380,2026-06-23,2,17,6.6,1,0,21.0,Efectivo
T0381,2026-06-23,2,17,13.2,1,0,41.0,Efectivo
T0382,2026-06-23,2,20,51.0,5,0,82.0,Efectivo
T0383,2026-06-24,3,8,14.4,3,1,3.0,Tarjeta
T0384,2026-06-24,3,8,18.2,1,1,4.0,Plin
T0385,2026-06-24,3,9,15.4,3,0,28.0,Tarjeta
T0386,2026-06-24,3,9,19.0,1,0,26.0,Efectivo
T0387,2026-06-24,3,9,18.4,3,1,4.0,Efectivo
T0388,2026-06-24,3,10,26.2,3,1,5.0,Efectivo
T0389,2026-06-24,3,13,32.2,3,0,43.0,Efectivo
T0390,2026-06-24,3,13,41.4,3,0,26.0,Efectivo
T0391,2026-06-24,3,13,41.9,4,0,47.0,Yape
T0392,2026-06-24,3,15,12.7,2,0,35.0,Yape
T0393,2026-06-24,3,16,11.9,2,0,34.0,Efectivo
T0394,2026-06-24,3,17,11.1,1,0,44.0,Yape
T0395,2026-06-24,3,17,6.3,2,0,34.0,Yape
T0396,2026-06-24,3,18,8.6,1,0,13.0,Tarjeta
T0397,2026-06-24,3,18,13.9,2,0,20.0,Efectivo
T0398,2026-06-24,3,21,8.5,3,0,28.0,Efectivo
T0399,2026-06-25,4,7,11.2,3,0,28.0,Yape
T0400,2026-06-25,4,7,18.1,1,0,29.0,Efectivo
T0401,2026-06-25,4,8,13.9,2,0,,Efectivo
T0402,2026-06-25,4,8,16.7,2,0,16.0,Tarjeta
T0403,2026-06-25,4,16,14.9,2,0,18.0,Yape
T0404,2026-06-25,4,16,15.5,1,1,2.0,Plin
T0405,2026-06-25,4,16,10.4,2,0,33.0,Efectivo
T0406,2026-06-25,4,17,5.2,2,0,36.0,Efectivo
T0407,2026-06-25,4,17,11.5,2,0,18.0,Yape
T0408,2026-06-25,4,20,106.7,6,0,78.0,Plin
T0409,2026-06-26,5,7,14.4,2,1,2.0,Tarjeta
T0410,2026-06-26,5,9,15.2,3,1,6.0,Efectivo
T0410,2026-06-26,5,9,15.2,3,1,6.0,Efectivo
T0411,2026-06-26,5,9,16.7,3,0,31.0,Efectivo
T0412,2026-06-26,5,10,16.4,3,0,25.0,Efectivo
T0413,2026-06-26,5,10,14.4,2,0,,Yape
T0414,2026-06-26,5,12,37.6,2,1,2.0,Efectivo
T0415,2026-06-26,5,13,29.9,3,0,46.0,Plin
T0416,2026-06-26,5,13,25.0,3,0,37.0,Efectivo
T0417,2026-06-26,5,13,46.2,2,0,29.0,Efectivo
T0418,2026-06-26,5,14,31.4,2,0,42.0,Efectivo
T0419,2026-06-26,5,15,7.7,2,0,23.0,Yape
T0420,2026-06-26,5,15,10.7,1,0,28.0,Efectivo
T0421,2026-06-26,5,15,8.8,2,1,,Efectivo
T0422,2026-06-26,5,16,7.1,2,0,21.0,Efectivo
T0423,2026-06-26,5,16,11.6,1,0,,Plin
T0424,2026-06-26,5,16,10.1,1,1,4.0,Efectivo
T0425,2026-06-26,5,17,15.3,2,0,30.0,Plin
T0426,2026-06-26,5,19,55.5,9,0,77.0,Plin
T0427,2026-06-26,5,20,67.0,5,0,86.0,Tarjeta
T0428,2026-06-26,5,20,101.5,5,0,65.0,Efectivo
T0429,2026-06-26,5,20,76.5,5,0,70.0,Efectivo
T0430,2026-06-26,5,21,53.9,5,0,81.0,
T0431,2026-06-26,5,21,97.3,8,0,68.0,Yape
T0432,2026-06-26,5,21,108.0,9,0,88.0,Tarjeta
T0433,2026-06-26,5,21,68.5,6,0,52.0,Tarjeta
T0434,2026-06-26,5,22,92.0,5,0,81.0,Yape
T0435,2026-06-26,5,22,85.9,4,0,102.0,Yape
T0436,2026-06-26,5,22,99.4,9,0,72.0,Efectivo
T0437,2026-06-27,6,9,18.6,3,0,29.0,Tarjeta
T0438,2026-06-27,6,12,41.6,3,0,36.0,Yape
T0439,2026-06-27,6,13,35.8,2,0,49.0,Tarjeta
T0440,2026-06-27,6,13,34.3,4,1,5.0,Efectivo
T0441,2026-06-27,6,13,52.0,4,0,30.0,Yape
T0442,2026-06-27,6,14,40.0,3,1,5.0,Yape
T0443,2026-06-27,6,15,10.3,1,0,5.0,Efectivo
T0444,2026-06-27,6,15,15.0,1,1,4.0,Tarjeta
T0445,2026-06-27,6,15,15.1,2,0,26.0,Yape
T0446,2026-06-27,6,16,12.6,2,0,28.0,Plin
T0447,2026-06-27,6,17,10.1,2,0,,Efectivo
T0448,2026-06-27,6,17,6.4,2,1,5.0,Efectivo
T0449,2026-06-27,6,18,8.7,1,0,22.0,Tarjeta
T0450,2026-06-27,6,18,6.6,2,0,23.0,Efectivo
T0451,2026-06-27,6,18,9.4,2,1,5.0,Efectivo
T0452,2026-06-27,6,19,439.9,30,1,68.0,Tarjeta
T0453,2026-06-27,6,20,8.4,2,0,17.0,Plin
T0454,2026-06-27,6,20,87.4,4,0,43.0,Efectivo
T0455,2026-06-27,6,20,77.8,8,0,72.0,Efectivo
T0456,2026-06-27,6,20,80.5,4,0,64.0,Efectivo
T0457,2026-06-27,6,22,95.1,8,0,43.0,Tarjeta
T0458,2026-06-27,6,22,95.8,4,0,91.0,Yape
T0459,2026-06-28,7,8,16.1,3,0,13.0,Yape
T0460,2026-06-28,7,8,15.5,1,1,4.0,Tarjeta
T0461,2026-06-28,7,9,13.3,2,0,19.0,Efectivo
T0462,2026-06-28,7,13,29.2,3,0,41.0,Efectivo
T0463,2026-06-28,7,13,40.6,3,0,46.0,Yape
T0464,2026-06-28,7,16,14.0,2,1,3.0,Efectivo
T0465,2026-06-28,7,16,5.9,2,0,24.0,Yape
T0466,2026-06-28,7,17,11.6,2,0,19.0,Efectivo
T0467,2026-06-28,7,17,6.3,1,0,35.0,Yape
T0468,2026-06-28,7,18,10.7,2,0,22.0,Plin
T0469,2026-06-28,7,18,9.1,2,0,,Efectivo
T0470,2026-06-28,7,19,110.4,4,0,68.0,Plin
T0471,2026-06-28,7,19,85.2,6,1,7.0,Efectivo
T0472,2026-06-28,7,20,104.4,7,0,83.0,Yape
T0473,2026-06-28,7,21,59.4,4,0,91.0,Plin
T0474,2026-06-29,1,8,10.7,3,0,17.0,Yape
T0475,2026-06-29,1,8,19.6,3,0,25.0,Plin
T0475,2026-06-29,1,8,19.6,3,0,25.0,Plin
T0476,2026-06-29,1,8,18.9,1,0,28.0,Yape
T0477,2026-06-29,1,9,17.4,3,1,3.0,Efectivo
T0478,2026-06-29,1,9,20.2,2,0,24.0,Efectivo
T0479,2026-06-29,1,9,19.8,2,0,23.0,Efectivo
T0480,2026-06-29,1,9,21.8,1,0,23.0,Efectivo
T0481,2026-06-29,1,9,15.0,3,1,3.0,Yape
T0482,2026-06-29,1,9,17.9,2,1,4.0,Efectivo
T0483,2026-06-29,1,10,15.0,2,0,27.0,Plin
T0484,2026-06-29,1,12,40.3,3,1,,Yape
T0485,2026-06-29,1,13,30.4,4,0,40.0,Plin
T0486,2026-06-29,1,13,516.3,24,1,115.0,Tarjeta
T0487,2026-06-29,1,14,37.7,4,0,25.0,Efectivo
T0488,2026-06-29,1,15,11.8,2,0,38.0,Yape
T0489,2026-06-29,1,15,5.1,2,0,32.0,Yape
T0490,2026-06-29,1,16,16.4,2,0,,Tarjeta
T0491,2026-06-29,1,17,6.5,1,0,18.0,Efectivo
T0492,2026-06-29,1,17,8.8,2,0,39.0,Yape
T0493,2026-06-29,1,18,8.3,2,0,37.0,Efectivo
T0494,2026-06-30,2,8,12.9,2,0,28.0,Tarjeta
T0495,2026-06-30,2,8,12.7,2,0,15.0,Yape
T0496,2026-06-30,2,8,19.4,3,0,26.0,Efectivo
T0497,2026-06-30,2,9,13.9,2,0,15.0,Efectivo
T0498,2026-06-30,2,9,18.6,2,1,5.0,Efectivo
T0499,2026-06-30,2,10,38.5,2,1,8.0,Yape
T0500,2026-06-30,2,10,14.7,2,1,4.0,Efectivo
T0501,2026-06-30,2,12,28.2,3,0,38.0,Tarjeta
T0502,2026-06-30,2,14,34.5,4,0,41.0,Plin
T0503,2026-06-30,2,14,38.1,4,0,43.0,Efectivo
T0504,2026-06-30,2,15,11.8,1,0,26.0,Efectivo
T0505,2026-06-30,2,15,11.0,2,0,36.0,Efectivo
T0506,2026-06-30,2,16,7.8,2,0,18.0,Yape
T0507,2026-06-30,2,17,5.0,2,0,16.0,Yape
T0508,2026-06-30,2,21,66.8,8,0,86.0,Efectivo
T0509,2026-07-01,3,8,17.3,3,1,3.0,Plin
T0510,2026-07-01,3,9,17.1,1,1,2.0,Efectivo
T0511,2026-07-01,3,10,17.0,1,1,6.0,Efectivo
T0512,2026-07-01,3,12,30.7,2,1,5.0,Efectivo
T0513,2026-07-01,3,12,38.8,4,0,44.0,Plin
T0514,2026-07-01,3,12,32.3,4,0,44.0,Efectivo
T0515,2026-07-01,3,4,36.8,2,1,8.0,Tarjeta
T0516,2026-07-01,3,14,42.6,3,0,48.0,Yape
T0517,2026-07-01,3,14,30.5,3,0,41.0,Efectivo
T0518,2026-07-01,3,15,8.0,2,1,6.0,Efectivo
T0519,2026-07-01,3,16,13.4,1,0,16.0,Efectivo
T0520,2026-07-01,3,16,12.5,2,0,30.0,Plin
T0521,2026-07-01,3,17,13.7,1,0,19.0,Yape
T0522,2026-07-01,3,18,12.6,1,0,20.0,Tarjeta
T0523,2026-07-01,3,20,14.7,2,1,6.0,Tarjeta
T0524,2026-07-01,3,20,59.2,9,0,80.0,Yape
T0525,2026-07-01,3,20,68.8,6,0,80.0,Efectivo
T0526,2026-07-02,4,7,15.9,2,0,26.0,Plin
T0527,2026-07-02,4,7,23.0,1,1,4.0,Plin
T0528,2026-07-02,4,8,18.5,3,0,23.0,Efectivo
T0529,2026-07-02,4,8,13.6,2,0,20.0,Tarjeta
T0530,2026-07-02,4,9,14.4,2,1,4.0,Yape
T0531,2026-07-02,4,10,15.7,1,1,6.0,Plin
T0531,2026-07-02,4,10,15.7,1,1,6.0,Plin
T0532,2026-07-02,4,12,35.0,3,1,9.0,Efectivo
T0533,2026-07-02,4,12,31.0,2,0,38.0,Tarjeta
T0534,2026-07-02,4,12,34.7,4,1,8.0,Tarjeta
T0535,2026-07-02,4,13,35.2,3,0,56.0,Efectivo
T0536,2026-07-02,4,14,40.1,3,0,36.0,Plin
T0537,2026-07-02,4,14,39.1,2,0,41.0,Efectivo
T0538,2026-07-02,4,15,7.2,2,0,52.0,Efectivo
T0539,2026-07-02,4,15,8.9,2,0,29.0,Efectivo
T0540,2026-07-02,4,17,9.1,2,0,33.0,Efectivo
T0541,2026-07-02,4,19,82.4,7,0,50.0,Yape
T0542,2026-07-03,5,7,13.0,1,1,4.0,Efectivo
T0543,2026-07-03,5,7,16.4,2,0,22.0,Yape
T0544,2026-07-03,5,7,19.4,3,0,10.0,Yape
T0545,2026-07-03,5,7,20.3,1,0,22.0,Yape
T0546,2026-07-03,5,8,17.5,3,0,17.0,Efectivo
T0547,2026-07-03,5,8,12.2,3,0,18.0,Tarjeta
T0548,2026-07-03,5,9,15.7,3,1,3.0,Efectivo
T0549,2026-07-03,5,9,13.4,1,0,15.0,Yape
T0550,2026-07-03,5,9,13.2,3,1,4.0,Tarjeta
T0551,2026-07-03,5,9,14.1,2,1,6.0,Efectivo
T0552,2026-07-03,5,12,48.1,3,0,62.0,Tarjeta
T0553,2026-07-03,5,12,29.1,2,0,45.0,Yape
T0554,2026-07-03,5,12,45.2,4,0,48.0,Efectivo
T0555,2026-07-03,5,13,33.8,3,1,3.0,Plin
T0556,2026-07-03,5,13,31.8,4,0,33.0,Yape
T0557,2026-07-03,5,14,29.9,2,0,43.0,Tarjeta
T0558,2026-07-03,5,15,7.0,2,0,13.0,Efectivo
T0559,2026-07-03,5,16,10.0,1,1,4.0,Efectivo
T0560,2026-07-03,5,16,13.0,1,0,33.0,Efectivo
T0561,2026-07-03,5,18,7.3,2,0,31.0,Efectivo
T0562,2026-07-03,5,20,113.3,4,1,5.0,Yape
T0563,2026-07-03,5,20,65.6,5,0,96.0,Efectivo
T0564,2026-07-03,5,21,105.7,9,0,50.0,Efectivo
T0565,2026-07-03,5,21,68.3,5,0,,Efectivo
T0566,2026-07-03,5,22,74.8,7,0,108.0,Yape
T0567,2026-07-04,6,8,14.5,3,0,23.0,Efectivo
T0568,2026-07-04,6,8,13.7,2,0,20.0,Efectivo
T0569,2026-07-04,6,10,11.2,3,1,3.0,Efectivo
T0570,2026-07-04,6,13,38.9,2,1,5.0,
T0571,2026-07-04,6,14,29.7,2,1,6.0,Efectivo
T0572,2026-07-04,6,14,28.1,3,1,7.0,Plin
T0573,2026-07-04,6,15,11.4,2,0,29.0,Yape
T0574,2026-07-04,6,15,13.5,2,0,34.0,Plin
T0575,2026-07-04,6,16,16.6,2,0,19.0,Plin
T0576,2026-07-04,6,16,14.0,2,1,7.0,Efectivo
T0577,2026-07-04,6,17,5.0,1,0,36.0,Efectivo
T0578,2026-07-04,6,17,13.3,2,1,5.0,Efectivo
T0579,2026-07-04,6,18,20.0,2,1,5.0,Efectivo
T0580,2026-07-04,6,18,10.7,1,0,36.0,Efectivo
T0581,2026-07-04,6,18,13.9,2,0,28.0,Tarjeta
T0582,2026-07-04,6,20,124.1,8,0,60.0,Tarjeta
T0583,2026-07-04,6,20,96.8,7,0,70.0,Efectivo
T0584,2026-07-04,6,20,86.4,4,0,75.0,Tarjeta
T0585,2026-07-04,6,20,109.9,6,0,77.0,Efectivo
T0586,2026-07-04,6,20,76.6,8,0,89.0,Tarjeta
T0587,2026-07-04,6,21,78.9,4,0,62.0,Efectivo
T0588,2026-07-04,6,22,150.0,8,0,80.0,Tarjeta
T0589,2026-07-04,6,22,120.0,6,0,88.0,Yape
T0590,2026-07-05,7,16,12.3,2,1,3.0,Plin
T0591,2026-07-05,7,17,7.0,1,0,22.0,Efectivo
T0592,2026-07-05,7,17,16.1,1,0,49.0,Plin
T0593,2026-07-05,7,18,10.5,1,0,48.0,Efectivo
T0594,2026-07-05,7,18,10.4,1,0,30.0,Efectivo
T0595,2026-07-05,7,19,85.5,7,0,91.0,Tarjeta
T0596,2026-07-05,7,20,71.3,7,0,57.0,Yape
T0597,2026-07-05,7,20,78.7,7,0,71.0,Tarjeta
T0598,2026-07-05,7,20,69.3,4,0,110.0,Efectivo
T0599,2026-07-05,7,21,113.1,8,0,54.0,Efectivo
T0600,2026-07-06,1,8,15.2,3,0,9.0,Yape
T0601,2026-07-06,1,8,16.7,3,0,15.0,Yape
T0602,2026-07-06,1,9,12.3,3,1,2.0,Efectivo
T0603,2026-07-06,1,9,17.1,1,0,20.0,Efectivo
T0604,2026-07-06,1,10,16.6,1,0,25.0,Yape
T0605,2026-07-06,1,12,27.2,4,1,6.0,Yape
T0606,2026-07-06,1,12,34.4,4,0,41.0,Efectivo
T0607,2026-07-06,1,13,33.2,3,0,29.0,Efectivo
T0608,2026-07-06,1,13,39.1,4,0,42.0,Yape
T0609,2026-07-06,1,14,34.1,4,1,6.0,Efectivo
T0610,2026-07-06,1,15,9.0,1,0,37.0,Efectivo
T0611,2026-07-06,1,17,16.2,1,1,5.0,Plin
T0612,2026-07-06,1,17,12.4,1,1,2.0,
T0613,2026-07-06,1,20,80.1,8,0,78.0,Yape
T0614,2026-07-07,2,8,16.5,1,0,20.0,
T0615,2026-07-07,2,8,17.5,3,0,17.0,Yape
T0616,2026-07-07,2,9,12.7,3,0,21.0,Efectivo
T0617,2026-07-07,2,10,11.2,2,1,5.0,Yape
T0618,2026-07-07,2,10,8.5,1,0,21.0,Efectivo
T0619,2026-07-07,2,13,30.0,3,0,53.0,Yape
T0620,2026-07-07,2,13,28.6,2,0,44.0,Efectivo
T0621,2026-07-07,2,14,32.4,2,0,58.0,Yape
T0622,2026-07-07,2,14,33.8,4,0,44.0,Tarjeta
T0623,2026-07-07,2,15,9.5,1,0,24.0,Efectivo
T0624,2026-07-07,2,17,12.9,1,0,17.0,Efectivo
T0625,2026-07-07,2,18,10.3,1,0,26.0,Tarjeta
T0626,2026-07-07,2,18,15.8,1,0,27.0,Efectivo
T0627,2026-07-07,2,18,14.4,1,0,43.0,Efectivo
T0628,2026-07-07,2,22,12.1,9,0,51.0,Yape
T0629,2026-07-08,3,7,9.7,3,0,21.0,Yape
T0630,2026-07-08,3,7,17.1,1,1,3.0,Efectivo
T0631,2026-07-08,3,8,13.6,1,0,26.0,Efectivo
T0632,2026-07-08,3,8,20.5,1,1,2.0,Yape
T0633,2026-07-08,3,8,12.4,1,0,21.0,Efectivo
T0634,2026-07-08,3,12,31.1,2,0,28.0,Yape
T0635,2026-07-08,3,13,31.3,4,0,48.0,Plin
T0636,2026-07-08,3,13,27.6,2,0,34.0,Efectivo
T0637,2026-07-08,3,13,41.0,4,0,36.0,Tarjeta
T0638,2026-07-08,3,13,35.3,3,1,3.0,Yape
T0639,2026-07-08,3,14,38.0,4,0,16.0,Plin
T0640,2026-07-08,3,15,11.5,1,0,34.0,Yape
T0641,2026-07-08,3,15,11.0,1,1,5.0,Tarjeta
T0642,2026-07-08,3,15,9.1,1,1,5.0,Yape
T0643,2026-07-08,3,15,12.4,2,0,23.0,
T0644,2026-07-08,3,16,5.7,1,1,5.0,Plin
T0645,2026-07-08,3,18,9.4,2,0,35.0,Plin
T0646,2026-07-08,3,19,59.4,4,0,90.0,Tarjeta
T0647,2026-07-09,4,7,18.5,2,0,19.0,Efectivo
T0648,2026-07-09,4,9,13.9,3,0,27.0,Plin
T0649,2026-07-09,4,9,15.6,1,1,3.0,Yape
T0650,2026-07-09,4,10,16.4,1,0,27.0,Yape
T0651,2026-07-09,4,10,14.6,1,1,4.0,Yape
T0652,2026-07-09,4,12,20.0,4,0,46.0,Plin
T0653,2026-07-09,4,12,26.4,3,0,55.0,Yape
T0654,2026-07-09,4,12,41.3,4,0,46.0,Plin
T0655,2026-07-09,4,13,22.2,4,0,40.0,Tarjeta
T0656,2026-07-09,4,14,16.1,4,1,7.0,Efectivo
T0657,2026-07-09,4,17,15.0,1,0,42.0,Yape
T0658,2026-07-09,4,17,10.4,2,0,30.0,Efectivo
T0659,2026-07-09,4,17,13.8,2,0,43.0,Tarjeta
T0660,2026-07-09,4,17,11.4,1,0,,Efectivo
T0661,2026-07-09,4,17,8.4,2,0,39.0,Efectivo
T0662,2026-07-09,4,17,72.0,2,1,2.0,Efectivo
T0663,2026-07-09,4,18,15.6,1,0,21.0,Tarjeta
T0664,2026-07-09,4,18,11.1,2,0,40.0,Efectivo
T0665,2026-07-09,4,21,97.7,6,0,78.0,Tarjeta
T0666,2026-07-10,5,7,16.2,1,1,2.0,Yape
T0667,2026-07-10,5,7,16.0,2,0,21.0,Yape
T0668,2026-07-10,5,7,14.6,2,0,23.0,Yape
T0669,2026-07-10,5,9,26.4,1,0,22.0,Efectivo
T0670,2026-07-10,5,12,380.6,28,1,63.0,Tarjeta
T0671,2026-07-10,5,13,30.9,4,0,35.0,Efectivo
T0672,2026-07-10,5,13,461.9,27,1,63.0,Tarjeta
T0673,2026-07-10,5,14,24.0,2,0,38.0,Yape
T0674,2026-07-10,5,15,17.0,2,0,37.0,Yape
T0675,2026-07-10,5,16,12.1,1,1,3.0,Efectivo
T0676,2026-07-10,5,16,8.7,2,0,23.0,Efectivo
T0677,2026-07-10,5,17,8.6,1,0,34.0,Efectivo
T0678,2026-07-10,5,17,12.3,1,1,,Efectivo
T0679,2026-07-10,5,17,9.3,2,0,20.0,Tarjeta
T0680,2026-07-10,5,17,8.8,2,0,43.0,Plin
T0681,2026-07-10,5,17,13.1,2,0,29.0,Efectivo
T0682,2026-07-10,5,17,11.9,2,0,26.0,Efectivo
T0683,2026-07-10,5,17,11.5,1,1,2.0,Yape
T0684,2026-07-10,5,20,120.5,4,0,74.0,Tarjeta
T0685,2026-07-10,5,20,50.0,8,0,40.0,Efectivo
T0686,2026-07-10,5,20,58.7,5,0,37.0,Tarjeta
T0687,2026-07-10,5,21,70.0,6,0,79.0,Efectivo
T0688,2026-07-10,5,21,77.6,6,0,43.0,Efectivo
T0689,2026-07-11,6,12,30.3,2,1,6.0,Tarjeta
T0690,2026-07-11,6,13,33.2,3,0,37.0,Yape
T0691,2026-07-11,6,13,41.1,4,0,61.0,Tarjeta
T0692,2026-07-11,6,15,8.7,2,1,7.0,Plin
T0693,2026-07-11,6,15,8.5,2,0,23.0,Efectivo
T0694,2026-07-11,6,15,13.7,1,0,28.0,Efectivo
T0695,2026-07-11,6,17,12.8,2,0,42.0,Efectivo
T0696,2026-07-11,6,17,5.0,1,0,18.0,Yape
T0697,2026-07-11,6,19,119.9,9,0,72.0,Yape
T0698,2026-07-11,6,19,92.9,7,0,86.0,Yape
T0699,2026-07-11,6,19,123.6,9,0,60.0,Tarjeta
T0700,2026-07-11,6,19,80.2,9,0,74.0,Tarjeta
T0701,2026-07-11,6,19,50.0,6,1,10.0,Efectivo
T0702,2026-07-11,6,20,98.8,5,0,64.0,Efectivo
T0703,2026-07-11,6,20,96.5,8,0,65.0,Plin
T0704,2026-07-11,6,20,78.3,4,0,75.0,Efectivo
T0705,2026-07-11,6,20,71.5,6,0,44.0,Plin
T0706,2026-07-11,6,20,76.2,7,0,79.0,Yape
T0707,2026-07-11,6,20,101.4,8,0,68.0,Tarjeta
T0708,2026-07-11,6,20,97.8,9,0,76.0,Yape
T0709,2026-07-11,6,21,92.2,8,0,99.0,Efectivo
T0710,2026-07-11,6,21,60.5,4,0,55.0,Tarjeta
T0711,2026-07-11,6,22,88.2,6,0,73.0,Tarjeta
T0712,2026-07-11,6,22,114.4,6,0,56.0,Tarjeta
T0713,2026-07-12,7,13,29.4,4,1,6.0,Efectivo
T0714,2026-07-12,7,15,10.7,2,0,26.0,Yape
T0715,2026-07-12,7,17,9.8,2,1,6.0,Efectivo
T0716,2026-07-12,7,20,74.2,8,0,78.0,Yape
T0717,2026-07-12,7,20,99.2,5,0,81.0,Tarjeta
T0718,2026-07-13,1,7,12.8,3,0,15.0,Efectivo
T0719,2026-07-13,1,7,15.3,2,0,21.0,Efectivo
T0720,2026-07-13,1,8,18.9,3,1,5.0,Yape
T0721,2026-07-13,1,9,18.0,3,0,30.0,Efectivo
T0722,2026-07-13,1,10,16.2,3,1,3.0,Yape
T0723,2026-07-13,1,12,29.2,3,0,36.0,Efectivo
T0724,2026-07-13,1,12,35.4,3,1,3.0,Efectivo
T0725,2026-07-13,1,12,519.5,27,0,66.0,Yape
T0726,2026-07-13,1,13,37.5,4,1,7.0,Efectivo
T0727,2026-07-13,1,13,45.5,4,0,41.0,Tarjeta
T0728,2026-07-13,1,13,28.2,2,0,42.0,Efectivo
T0729,2026-07-13,1,13,26.8,4,0,51.0,Tarjeta
T0730,2026-07-13,1,14,31.5,2,0,32.0,Plin
T0731,2026-07-13,1,15,9.1,2,0,16.0,Efectivo
T0732,2026-07-13,1,17,10.0,2,0,29.0,Efectivo
T0733,2026-07-13,1,18,13.8,1,0,39.0,Yape
T0734,2026-07-13,1,18,14.4,1,0,18.0,Efectivo
T0735,2026-07-13,1,18,10.1,2,1,2.0,Yape
T0736,2026-07-13,1,20,78.8,7,0,48.0,Plin
T0737,2026-07-13,1,22,118.0,6,0,59.0,Tarjeta
T0738,2026-07-14,2,8,8.0,3,0,28.0,Plin
T0739,2026-07-14,2,8,18.8,3,0,24.0,Efectivo
T0740,2026-07-14,2,9,19.7,2,0,14.0,Yape
T0741,2026-07-14,2,12,26.7,2,1,7.0,Yape
T0742,2026-07-14,2,12,32.7,3,0,11.0,
T0743,2026-07-14,2,13,42.6,4,1,11.0,Efectivo
T0744,2026-07-14,2,13,340.0,18,0,100.0,Tarjeta
T0745,2026-07-14,2,14,33.5,2,0,32.0,Efectivo
T0746,2026-07-14,2,14,31.2,3,1,6.0,Yape
T0747,2026-07-14,2,17,9.9,2,0,21.0,Tarjeta
T0748,2026-07-14,2,17,8.5,1,1,3.0,Efectivo
T0749,2026-07-14,2,17,5.3,2,0,34.0,Efectivo
T0750,2026-07-14,2,18,7.0,1,1,4.0,Efectivo
T0751,2026-07-15,3,8,20.5,2,0,25.0,Efectivo
T0752,2026-07-15,3,8,16.6,2,0,26.0,Yape
T0753,2026-07-15,3,9,11.9,2,1,5.0,Yape
T0754,2026-07-15,3,9,20.9,1,0,,Plin
T0755,2026-07-15,3,10,19.8,1,0,34.0,Tarjeta
T0756,2026-07-15,3,10,13.3,1,1,4.0,Yape
T0757,2026-07-15,3,12,38.3,3,0,33.0,Tarjeta
T0758,2026-07-15,3,12,38.6,2,0,35.0,Tarjeta
T0759,2026-07-15,3,13,34.2,2,0,61.0,Plin
T0760,2026-07-15,3,13,38.3,3,0,28.0,Efectivo
T0761,2026-07-15,3,14,38.3,3,0,31.0,Tarjeta
T0762,2026-07-15,3,16,14.6,1,0,36.0,Plin
T0763,2026-07-15,3,17,21.1,2,1,5.0,Efectivo
T0764,2026-07-15,3,19,119.7,7,0,50.0,Plin
T0765,2026-07-16,4,8,22.1,1,1,6.0,Yape
T0766,2026-07-16,4,8,16.2,3,0,20.0,Yape
T0767,2026-07-16,4,9,18.7,3,0,20.0,Plin
T0768,2026-07-16,4,12,37.5,4,1,6.0,Yape
T0769,2026-07-16,4,13,38.8,3,0,38.0,Efectivo
T0770,2026-07-16,4,13,26.1,3,1,3.0,Efectivo
T0771,2026-07-16,4,14,34.0,3,1,5.0,Efectivo
T0772,2026-07-16,4,15,15.1,1,0,45.0,Plin
T0773,2026-07-16,4,15,10.7,1,0,16.0,Efectivo
T0774,2026-07-16,4,17,8.5,2,1,6.0,Yape
T0775,2026-07-16,4,18,6.9,1,1,2.0,Tarjeta
T0776,2026-07-16,4,18,16.9,1,1,,Tarjeta
T0777,2026-07-17,5,7,15.8,1,0,17.0,Yape
T0778,2026-07-17,5,8,17.9,2,1,4.0,Efectivo
T0779,2026-07-17,5,8,27.7,4,0,69.0,Efectivo
T0780,2026-07-17,5,9,14.9,1,0,14.0,Plin
T0781,2026-07-17,5,9,9.8,2,1,4.0,Yape
T0782,2026-07-17,5,10,12.0,1,0,30.0,Plin
T0783,2026-07-17,5,10,8.7,2,0,11.0,Efectivo
T0784,2026-07-17,5,10,20.1,1,1,2.0,Efectivo
T0785,2026-07-17,5,10,23.1,3,1,6.0,Efectivo
T0786,2026-07-17,5,12,32.3,4,1,8.0,Tarjeta
T0787,2026-07-17,5,13,30.2,4,0,42.0,Yape
T0788,2026-07-17,5,13,38.4,4,0,47.0,Efectivo
T0789,2026-07-17,5,14,39.8,4,0,44.0,Yape
T0790,2026-07-17,5,14,30.9,4,1,5.0,Yape
T0791,2026-07-17,5,16,8.0,1,0,29.0,Efectivo
T0792,2026-07-17,5,16,14.3,1,1,4.0,Plin
T0793,2026-07-17,5,16,8.6,1,0,33.0,Efectivo
T0794,2026-07-17,5,16,40.9,3,0,23.0,Efectivo
T0795,2026-07-17,5,18,13.9,1,1,5.0,Efectivo
T0796,2026-07-17,5,19,130.0,8,0,58.0,Tarjeta
T0797,2026-07-17,5,20,65.5,7,0,121.0,Efectivo
T0798,2026-07-17,5,21,90.3,7,0,,Efectivo
T0799,2026-07-17,5,21,79.0,9,0,42.0,Yape
T0800,2026-07-17,5,21,90.0,9,0,82.0,Efectivo
T0801,2026-07-17,5,22,99.0,6,0,70.0,Efectivo
T0802,2026-07-17,5,22,78.9,7,0,76.0,Yape
T0803,2026-07-18,6,15,13.4,2,0,40.0,Yape
T0804,2026-07-18,6,16,0.0,1,1,2.0,Plin
T0805,2026-07-18,6,17,10.8,1,0,21.0,Efectivo
T0806,2026-07-18,6,17,11.1,2,0,17.0,Efectivo
T0807,2026-07-18,6,18,11.5,2,0,18.0,Efectivo
T0808,2026-07-18,6,19,50.1,5,0,58.0,Efectivo
T0809,2026-07-18,6,19,116.9,9,0,51.0,Tarjeta
T0810,2026-07-18,6,20,112.1,8,0,102.0,Tarjeta
T0811,2026-07-18,6,21,113.9,4,1,10.0,
T0812,2026-07-18,6,21,81.7,8,0,57.0,Yape
T0813,2026-07-18,6,21,71.6,9,1,,Tarjeta
T0814,2026-07-18,6,22,122.6,7,0,61.0,Plin
T0815,2026-07-18,6,22,74.6,9,0,41.0,Yape
T0816,2026-07-18,6,22,101.9,6,0,83.0,Yape
T0817,2026-07-18,6,22,75.5,4,0,60.0,Efectivo
T0818,2026-07-18,6,22,96.0,7,1,7.0,Tarjeta
T0819,2026-07-18,6,22,57.7,5,0,82.0,Efectivo
T0820,2026-07-19,7,15,13.6,1,0,33.0,Tarjeta
T0821,2026-07-19,7,17,10.8,2,0,13.0,Tarjeta
T0822,2026-07-19,7,17,15.7,1,0,17.0,Efectivo
T0823,2026-07-19,7,17,10.0,2,0,49.0,Efectivo
T0824,2026-07-19,7,18,15.8,2,0,34.0,Yape
T0825,2026-07-19,7,19,62.1,4,1,5.0,Yape
T0826,2026-07-19,7,20,91.9,4,0,94.0,Yape
T0827,2026-07-19,7,20,67.3,5,0,72.0,Tarjeta
T0828,2026-07-19,7,20,69.5,7,0,65.0,Efectivo
T0829,2026-07-19,7,21,92.7,7,0,78.0,Yape
T0830,2026-07-20,1,7,12.7,2,1,4.0,Efectivo
T0831,2026-07-20,1,8,11.7,3,0,18.0,Efectivo
T0832,2026-07-20,1,8,16.6,1,0,15.0,Plin
T0833,2026-07-20,1,8,18.8,3,0,18.0,Yape
T0834,2026-07-20,1,9,17.8,3,0,18.0,Yape
T0835,2026-07-20,1,9,20.2,2,1,7.0,Efectivo
T0836,2026-07-20,1,9,13.5,1,0,18.0,Efectivo
T0837,2026-07-20,1,9,13.3,1,1,,Efectivo
T0838,2026-07-20,1,10,16.0,1,1,2.0,Yape
T0839,2026-07-20,1,12,33.5,4,0,42.0,Efectivo
T0840,2026-07-20,1,13,34.1,4,0,35.0,Efectivo
T0841,2026-07-20,1,14,21.5,4,0,40.0,Yape
T0842,2026-07-20,1,14,32.0,2,1,3.0,Efectivo
T0843,2026-07-20,1,18,8.1,2,0,43.0,Plin
T0844,2026-07-21,2,8,17.6,1,0,27.0,Efectivo
T0845,2026-07-21,2,8,8.9,2,0,24.0,Plin
T0846,2026-07-21,2,8,20.0,2,0,18.0,Efectivo
T0847,2026-07-21,2,9,17.4,1,0,22.0,Tarjeta
T0848,2026-07-21,2,9,15.0,1,0,19.0,Tarjeta
T0849,2026-07-21,2,9,21.1,2,0,16.0,Yape
T0850,2026-07-21,2,9,15.6,1,0,18.0,Efectivo
T0851,2026-07-21,2,10,14.7,1,0,15.0,Efectivo
T0852,2026-07-21,2,10,16.7,3,0,21.0,Efectivo
T0853,2026-07-21,2,10,13.4,2,0,,Yape
T0854,2026-07-21,2,12,33.1,2,0,22.0,Efectivo
T0855,2026-07-21,2,12,35.6,4,0,47.0,Efectivo
T0856,2026-07-21,2,12,32.9,4,0,28.0,Efectivo
T0857,2026-07-21,2,12,30.1,3,0,53.0,Yape
T0858,2026-07-21,2,13,33.4,2,0,42.0,Efectivo
T0859,2026-07-21,2,13,34.9,3,0,62.0,
T0860,2026-07-21,2,13,39.6,3,0,48.0,Efectivo
T0861,2026-07-21,2,13,46.3,2,0,33.0,Plin
T0862,2026-07-21,2,13,39.0,4,0,44.0,Efectivo
T0863,2026-07-21,2,14,35.2,3,0,34.0,Yape
T0864,2026-07-21,2,14,34.7,2,0,62.0,Yape
T0865,2026-07-21,2,15,9.8,1,0,22.0,Yape
T0866,2026-07-21,2,16,9.7,2,0,39.0,Efectivo
T0867,2026-07-21,2,16,11.7,2,0,19.0,Yape
T0868,2026-07-21,2,17,5.0,1,0,47.0,Tarjeta
T0869,2026-07-21,2,17,9.7,1,0,28.0,Yape
T0870,2026-07-21,2,17,12.9,1,0,24.0,Efectivo
T0871,2026-07-21,2,17,13.6,2,1,5.0,Efectivo
T0872,2026-07-22,3,8,14.0,1,0,18.0,Efectivo
T0873,2026-07-22,3,8,22.3,1,1,,Plin
T0874,2026-07-22,3,10,13.6,2,1,6.0,Tarjeta
T0875,2026-07-22,3,10,20.3,3,0,7.0,Efectivo
T0876,2026-07-22,3,13,34.0,3,0,38.0,Tarjeta
T0877,2026-07-22,3,13,43.8,2,0,41.0,Plin
T0878,2026-07-22,3,13,26.6,4,1,7.0,Efectivo
T0879,2026-07-22,3,14,29.3,4,1,6.0,Efectivo
T0880,2026-07-22,3,16,13.5,1,0,22.0,Plin
T0881,2026-07-22,3,17,10.9,2,0,33.0,Efectivo
T0882,2026-07-22,3,17,17.9,2,1,7.0,Plin
T0883,2026-07-22,3,17,11.3,1,0,,Plin
T0884,2026-07-22,3,17,10.3,1,0,29.0,Efectivo
T0885,2026-07-22,3,20,73.0,8,0,72.0,Tarjeta
T0886,2026-07-23,4,7,15.1,3,0,27.0,Yape
T0887,2026-07-23,4,8,15.7,2,0,24.0,Efectivo
T0888,2026-07-23,4,9,17.6,2,0,21.0,Tarjeta
T0889,2026-07-23,4,10,15.8,1,1,4.0,Tarjeta
T0890,2026-07-23,4,12,28.8,3,0,59.0,Efectivo
T0891,2026-07-23,4,12,24.0,2,0,38.0,Efectivo
T0892,2026-07-23,4,12,31.1,3,1,9.0,Tarjeta
T0893,2026-07-23,4,13,39.2,2,0,52.0,Yape
T0894,2026-07-23,4,13,35.3,2,1,11.0,Yape
T0895,2026-07-23,4,14,26.4,2,0,41.0,Efectivo
T0896,2026-07-23,4,14,33.9,2,0,43.0,Yape
T0897,2026-07-23,4,14,37.1,3,0,34.0,Efectivo
T0898,2026-07-23,4,16,5.9,1,0,23.0,Efectivo
T0899,2026-07-23,4,16,13.4,2,0,20.0,Efectivo
T0900,2026-07-24,5,8,14.5,2,0,14.0,Tarjeta
T0900,2026-07-24,5,8,14.5,2,0,14.0,Tarjeta
T0901,2026-07-24,5,8,22.0,2,0,34.0,Efectivo
T0902,2026-07-24,5,9,17.6,2,1,4.0,Efectivo
T0903,2026-07-24,5,9,14.9,1,0,25.0,Tarjeta
T0904,2026-07-24,5,12,40.3,3,0,38.0,Efectivo
T0905,2026-07-24,5,13,29.7,4,0,39.0,Yape
T0906,2026-07-24,5,13,32.2,3,0,58.0,Efectivo
T0907,2026-07-24,5,14,27.0,4,0,45.0,Tarjeta
T0908,2026-07-24,5,14,40.4,3,1,6.0,Yape
T0909,2026-07-24,5,14,29.9,2,0,51.0,Efectivo
T0910,2026-07-24,5,14,28.8,4,0,37.0,Tarjeta
T0911,2026-07-24,5,15,15.4,2,0,30.0,Tarjeta
T0912,2026-07-24,5,16,6.3,1,0,33.0,Yape
T0913,2026-07-24,5,16,5.5,1,0,16.0,Efectivo
T0914,2026-07-24,5,17,5.9,1,0,,Tarjeta
T0915,2026-07-24,5,18,10.8,2,0,37.0,Efectivo
T0916,2026-07-24,5,19,135.8,9,0,90.0,Yape
T0917,2026-07-24,5,19,78.8,8,0,69.0,Plin
T0918,2026-07-24,5,20,92.9,7,0,77.0,Efectivo
T0919,2026-07-24,5,21,71.3,6,0,87.0,Yape
T0920,2026-07-24,5,21,112.6,9,0,57.0,Efectivo
T0921,2026-07-24,5,21,93.9,8,0,67.0,Yape
T0922,2026-07-24,5,21,60.0,7,0,64.0,Tarjeta
T0923,2026-07-24,5,21,96.5,7,0,86.0,Plin
T0924,2026-07-24,5,21,78.1,6,0,63.0,Yape
T0925,2026-07-24,5,22,74.9,8,0,72.0,Tarjeta
T0926,2026-07-25,6,7,12.0,1,0,26.0,Yape
T0927,2026-07-25,6,7,15.6,1,0,27.0,Plin
T0928,2026-07-25,6,8,19.6,2,1,3.0,Efectivo
T0929,2026-07-25,6,10,13.1,2,0,23.0,Efectivo
T0930,2026-07-25,6,11,13.1,7,0,69.0,Tarjeta
T0931,2026-07-25,6,13,35.2,3,1,4.0,Tarjeta
T0932,2026-07-25,6,14,43.0,2,1,7.0,Plin
T0933,2026-07-25,6,14,27.4,4,0,49.0,Plin
T0934,2026-07-25,6,14,33.8,4,0,52.0,Yape
T0935,2026-07-25,6,15,7.6,2,1,8.0,Yape
T0936,2026-07-25,6,15,10.2,1,0,32.0,Efectivo
T0937,2026-07-25,6,17,9.8,2,0,,Tarjeta
T0938,2026-07-25,6,19,74.0,9,0,57.0,Efectivo
T0939,2026-07-25,6,20,76.7,9,1,10.0,Efectivo
T0940,2026-07-25,6,20,63.7,9,0,-5.0,Tarjeta
T0941,2026-07-25,6,20,109.8,4,0,35.0,Tarjeta
T0942,2026-07-25,6,20,98.0,8,0,-10.0,Yape
T0943,2026-07-25,6,21,72.3,6,0,72.0,Plin
T0944,2026-07-25,6,21,95.1,4,0,79.0,Tarjeta
T0945,2026-07-25,6,21,98.5,7,0,,Efectivo
T0946,2026-07-25,6,21,115.0,9,0,79.0,Tarjeta
T0947,2026-07-25,6,22,74.7,9,0,34.0,Yape
T0948,2026-07-25,6,22,117.8,6,0,58.0,Tarjeta
T0949,2026-07-25,6,22,93.4,5,0,78.0,Yape
T0950,2026-07-25,6,22,90.5,7,0,52.0,Efectivo
T0951,2026-07-26,7,8,10.6,3,1,5.0,Yape
T0952,2026-07-26,7,18,6.0,1,0,3.0,Plin
T0953,2026-07-26,7,19,97.9,6,0,,Yape
T0954,2026-07-26,7,19,80.4,9,0,,Tarjeta
T0955,2026-07-26,7,19,68.0,5,0,89.0,Yape
T0956,2026-07-26,7,20,75.5,5,0,46.0,Efectivo
T0957,2026-07-26,7,21,92.1,5,0,65.0,Yape
T0958,2026-07-27,1,7,12.6,3,0,21.0,Tarjeta
T0959,2026-07-27,1,9,8.6,3,0,26.0,Yape
T0960,2026-07-27,1,9,40.1,2,0,32.0,Yape
T0961,2026-07-27,1,9,12.2,2,1,2.0,Efectivo
T0962,2026-07-27,1,9,18.3,2,0,27.0,Efectivo
T0963,2026-07-27,1,10,12.8,1,0,36.0,Yape
T0964,2026-07-27,1,12,28.3,0,1,2.0,Yape
T0965,2026-07-27,1,12,28.9,2,0,41.0,Efectivo
T0966,2026-07-27,1,12,20.0,4,0,45.0,Yape
T0967,2026-07-27,1,13,38.9,2,0,53.0,Yape
T0968,2026-07-27,1,13,28.8,2,0,40.0,Plin
T0969,2026-07-27,1,13,373.7,29,1,106.0,Tarjeta
T0970,2026-07-27,1,15,5.0,2,0,30.0,Yape
T0971,2026-07-27,1,15,10.7,3,0,22.0,Efectivo
T0972,2026-07-27,1,16,5.6,1,0,28.0,Plin
T0973,2026-07-27,1,21,114.5,8,0,69.0,Tarjeta
T0974,2026-07-28,2,8,15.0,2,0,24.0,Tarjeta
T0975,2026-07-28,2,8,19.3,3,0,18.0,Efectivo
T0976,2026-07-28,2,8,8.7,3,1,7.0,Yape
T0977,2026-07-28,2,10,8.7,2,0,22.0,Efectivo
T0978,2026-07-28,2,10,10.3,2,0,31.0,Yape
T0979,2026-07-28,2,13,37.4,3,0,32.0,Tarjeta
T0980,2026-07-28,2,13,36.4,2,1,6.0,Plin
T0981,2026-07-28,2,13,36.0,2,0,53.0,Tarjeta
T0982,2026-07-28,2,15,7.8,2,0,33.0,Tarjeta
T0983,2026-07-28,2,17,5.6,2,1,2.0,
T0984,2026-07-28,2,17,9.9,1,1,3.0,Yape
T0985,2026-07-28,2,18,13.4,2,0,18.0,Efectivo
T0986,2026-07-28,2,20,108.0,9,0,52.0,Efectivo
T0987,2026-07-29,3,8,13.3,1,0,28.0,Efectivo
T0988,2026-07-29,3,8,22.1,2,1,7.0,Efectivo
T0989,2026-07-29,3,8,18.3,2,0,27.0,Yape
T0990,2026-07-29,3,8,13.8,3,0,27.0,Efectivo
T0991,2026-07-29,3,9,17.3,2,0,23.0,Plin
T0992,2026-07-29,3,13,23.5,4,0,41.0,Efectivo
T0993,2026-07-29,3,14,35.2,3,0,40.0,Efectivo
T0994,2026-07-29,3,16,10.7,2,0,20.0,Efectivo
T0995,2026-07-29,3,17,105.2,1,0,27.0,Yape
T0996,2026-07-29,3,18,13.8,1,0,17.0,Efectivo
T0997,2026-07-30,4,7,19.0,1,0,25.0,Efectivo
T0998,2026-07-30,4,9,13.9,3,0,13.0,Yape
T0999,2026-07-30,4,9,17.7,3,1,4.0,Yape
T1000,2026-07-30,4,10,18.1,2,1,3.0,Efectivo
T1001,2026-07-30,4,10,11.8,3,0,30.0,Yape
T1002,2026-07-30,4,10,11.7,2,1,8.0,
T1003,2026-07-30,4,10,20.1,2,1,4.0,Yape
T1004,2026-07-30,4,13,38.1,3,0,51.0,Efectivo
T1005,2026-07-30,4,13,32.5,2,1,5.0,Plin
T1006,2026-07-30,4,13,26.2,4,0,53.0,Plin
T1007,2026-07-30,4,14,33.0,3,0,36.0,Yape
T1008,2026-07-30,4,14,29.6,3,0,45.0,Efectivo
T1009,2026-07-30,4,16,6.7,1,0,31.0,Tarjeta
T1010,2026-07-30,4,19,67.0,4,0,79.0,Tarjeta
T1011,2026-07-31,5,7,16.4,1,1,2.0,Yape
T1012,2026-07-31,5,8,16.4,1,0,24.0,Plin
T1013,2026-07-31,5,8,11.4,2,0,,Efectivo
T1014,2026-07-31,5,8,17.3,1,1,2.0,Plin
T1015,2026-07-31,5,8,19.1,3,1,5.0,Yape
T1016,2026-07-31,5,8,18.3,2,0,20.0,Yape
T1017,2026-07-31,5,9,17.7,2,0,24.0,Tarjeta
T1018,2026-07-31,5,10,14.3,1,1,2.0,Yape
T1019,2026-07-31,5,12,35.3,3,0,27.0,Tarjeta
T1020,2026-07-31,5,12,30.7,3,0,54.0,Yape
T1021,2026-07-31,5,13,37.0,2,0,36.0,Plin
T1022,2026-07-31,5,13,34.6,2,0,37.0,Efectivo
T1023,2026-07-31,5,14,39.0,4,1,11.0,Tarjeta
T1024,2026-07-31,5,17,11.5,1,0,37.0,Efectivo
T1025,2026-07-31,5,17,12.0,1,0,22.0,Efectivo
T1026,2026-07-31,5,18,9.6,1,0,22.0,Yape
T1027,2026-07-31,5,18,8.9,2,0,28.0,Yape
T1028,2026-07-31,5,19,92.0,7,0,85.0,Tarjeta
T1029,2026-07-31,5,19,125.5,5,0,94.0,Tarjeta
T1030,2026-07-31,5,19,362.2,27,1,109.0,Yape
T1031,2026-07-31,5,20,80.2,9,0,71.0,Tarjeta
T1032,2026-07-31,5,20,85.0,6,0,67.0,Plin
T1033,2026-07-31,5,20,75.5,5,0,81.0,Yape
T1034,2026-07-31,5,20,117.5,7,0,72.0,Efectivo
T1035,2026-07-31,5,21,91.7,8,0,78.0,Tarjeta
T1036,2026-08-01,6,8,16.1,0,0,13.0,Yape
T1037,2026-08-01,6,17,9.7,1,0,23.0,Efectivo
T1038,2026-08-01,6,18,5.0,1,0,24.0,Plin
T1039,2026-08-01,6,19,68.0,9,0,83.0,Plin
T1040,2026-08-01,6,20,142.1,6,0,93.0,Plin
T1041,2026-08-01,6,20,102.2,6,0,72.0,Yape
T1042,2026-08-01,6,20,91.2,7,0,75.0,Plin
T1043,2026-08-01,6,20,96.3,9,0,70.0,Yape
T1044,2026-08-01,6,3,50.0,8,0,65.0,Yape
T1045,2026-08-01,6,21,89.4,4,0,49.0,Plin
T1046,2026-08-01,6,21,88.8,6,0,54.0,Efectivo
T1047,2026-08-02,7,15,12.3,2,0,34.0,Tarjeta
T1048,2026-08-02,7,16,7.8,1,0,30.0,Tarjeta
T1049,2026-08-02,7,17,10.2,2,0,22.0,Efectivo
T1050,2026-08-02,7,18,16.1,2,1,2.0,Efectivo
T1051,2026-08-02,7,18,8.0,1,0,37.0,Yape
T1052,2026-08-02,7,20,58.1,4,0,76.0,Efectivo
T1053,2026-08-02,7,20,100.9,9,0,73.0,Plin
T1054,2026-08-02,7,21,73.8,5,0,51.0,Yape
T1055,2026-08-02,7,21,102.8,5,0,99.0,Tarjeta
T1056,2026-08-03,1,7,10.5,3,0,14.0,Yape
T1057,2026-08-03,1,8,14.3,2,0,13.0,Yape
T1058,2026-08-03,1,8,16.3,2,0,20.0,Yape
T1059,2026-08-03,1,10,18.0,3,0,23.0,Plin
T1060,2026-08-03,1,12,41.2,2,0,31.0,Efectivo
T1061,2026-08-03,1,14,29.7,2,0,50.0,Tarjeta
T1062,2026-08-03,1,14,37.6,3,0,35.0,Efectivo
T1063,2026-08-03,1,15,15.3,1,0,52.0,Tarjeta
T1064,2026-08-03,1,15,9.9,2,0,27.0,Tarjeta
T1065,2026-08-03,1,16,8.5,2,0,27.0,Yape
T1066,2026-08-03,1,16,7.3,2,1,5.0,Plin
T1067,2026-08-03,1,16,5.0,2,0,37.0,Efectivo
T1068,2026-08-03,1,18,0.0,3,0,34.0,Efectivo
T1069,2026-08-03,1,20,86.1,8,0,80.0,Efectivo
T1070,2026-08-04,2,8,13.7,2,0,25.0,Efectivo
T1071,2026-08-04,2,9,21.2,2,0,16.0,Plin
T1072,2026-08-04,2,9,13.5,2,0,24.0,Efectivo
T1073,2026-08-04,2,9,14.9,3,1,6.0,Efectivo
T1074,2026-08-04,2,9,17.0,3,0,18.0,Efectivo
T1075,2026-08-04,2,10,14.2,1,0,19.0,Yape
T1076,2026-08-04,2,12,38.7,3,0,43.0,Yape
T1077,2026-08-04,2,12,37.2,4,0,29.0,Yape
T1078,2026-08-04,2,12,38.9,2,0,44.0,Efectivo
T1079,2026-08-04,2,13,35.4,4,1,2.0,Yape
T1080,2026-08-04,2,13,37.9,3,0,52.0,Efectivo
T1081,2026-08-04,2,13,36.1,3,1,7.0,Efectivo
T1082,2026-08-04,2,14,44.2,3,0,30.0,Efectivo
T1083,2026-08-04,2,14,27.3,3,0,54.0,Efectivo
T1084,2026-08-04,2,14,31.5,4,0,52.0,Yape
T1085,2026-08-04,2,16,15.5,1,0,23.0,Efectivo
T1086,2026-08-04,2,16,5.9,4,1,4.0,Efectivo
T1087,2026-08-04,2,16,6.4,2,1,4.0,Efectivo
T1088,2026-08-04,2,17,7.1,2,0,37.0,Tarjeta
T1089,2026-08-04,2,18,9.8,1,1,4.0,Efectivo
T1090,2026-08-04,2,18,9.7,2,0,15.0,Efectivo
T1091,2026-08-05,3,7,20.3,1,1,,Yape
T1092,2026-08-05,3,8,11.1,3,1,5.0,Plin
T1093,2026-08-05,3,8,18.4,1,0,12.0,Plin
T1094,2026-08-05,3,8,17.2,2,0,23.0,Efectivo
T1095,2026-08-05,3,9,17.7,1,0,19.0,Efectivo
T1096,2026-08-05,3,9,16.1,2,0,28.0,Efectivo
T1097,2026-08-05,3,10,15.4,1,0,23.0,
T1098,2026-08-05,3,10,15.6,3,0,22.0,Yape
T1099,2026-08-05,3,12,30.9,4,0,41.0,Efectivo
T1100,2026-08-05,3,13,38.5,3,0,44.0,Efectivo
T1101,2026-08-05,3,13,28.9,4,0,35.0,Tarjeta
T1102,2026-08-05,3,13,36.4,4,0,43.0,Efectivo
T1103,2026-08-05,3,13,39.6,2,0,40.0,Efectivo
T1104,2026-08-05,3,13,29.4,4,0,48.0,Yape
T1105,2026-08-05,3,14,34.9,3,0,35.0,Plin
T1106,2026-08-05,3,14,35.2,4,0,39.0,Tarjeta
T1107,2026-08-05,3,14,26.0,2,0,51.0,Efectivo
T1108,2026-08-05,3,14,29.3,3,0,21.0,Yape
T1109,2026-08-05,3,14,37.0,4,0,39.0,Plin
T1110,2026-08-05,3,16,9.6,2,0,31.0,Efectivo
T1111,2026-08-05,3,16,13.1,2,1,4.0,Yape
T1112,2026-08-05,3,17,9.1,1,0,,Efectivo
T1113,2026-08-05,3,17,9.7,2,0,27.0,Plin
T1114,2026-08-05,3,17,17.1,2,0,43.0,Plin
T1115,2026-08-05,3,18,13.5,2,0,43.0,Efectivo
T1116,2026-08-05,3,20,12.4,9,0,81.0,Efectivo
T1117,2026-08-05,3,21,98.1,9,0,34.0,Tarjeta
T1118,2026-08-06,4,7,15.8,1,0,18.0,Plin
T1119,2026-08-06,4,8,15.0,2,0,11.0,Yape
T1120,2026-08-06,4,8,18.0,2,0,28.0,Tarjeta
T1121,2026-08-06,4,8,15.5,2,0,17.0,Efectivo
T1122,2026-08-06,4,8,9.4,3,0,10.0,Tarjeta
T1123,2026-08-06,4,8,16.7,2,0,17.0,Tarjeta
T1124,2026-08-06,4,9,18.7,1,0,18.0,Yape
T1125,2026-08-06,4,9,16.8,1,0,23.0,Efectivo
T1126,2026-08-06,4,9,12.8,3,1,4.0,Efectivo
T1127,2026-08-06,4,10,22.6,3,0,29.0,
T1128,2026-08-06,4,10,19.1,1,0,22.0,Yape
T1129,2026-08-06,4,13,31.7,2,0,37.0,Yape
T1130,2026-08-06,4,13,34.9,3,0,38.0,Yape
T1131,2026-08-06,4,13,27.5,4,1,5.0,Tarjeta
T1132,2026-08-06,4,13,31.2,2,1,10.0,Efectivo
T1133,2026-08-06,4,14,35.7,4,1,7.0,Tarjeta
T1134,2026-08-06,4,15,7.7,1,1,3.0,Plin
T1135,2026-08-06,4,15,11.7,2,0,28.0,Efectivo
T1136,2026-08-06,4,15,13.5,2,0,10.0,Yape
T1137,2026-08-06,4,16,14.6,1,0,27.0,Efectivo
T1138,2026-08-06,4,17,12.5,1,0,17.0,Plin
T1139,2026-08-06,4,17,10.7,2,0,22.0,Yape
T1140,2026-08-06,4,18,9.4,1,1,5.0,Yape
T1141,2026-08-06,4,20,99.8,0,0,75.0,Efectivo
T1142,2026-08-07,5,7,14.6,1,1,5.0,Efectivo
T1143,2026-08-07,5,9,12.9,1,1,2.0,Tarjeta
T1144,2026-08-07,5,12,36.0,3,1,6.0,Efectivo
T1145,2026-08-07,5,15,5.0,2,0,36.0,Efectivo
T1146,2026-08-07,5,15,8.8,1,1,6.0,Yape
T1147,2026-08-07,5,15,5.8,2,0,39.0,Yape
T1148,2026-08-07,5,16,14.8,1,0,26.0,Tarjeta
T1149,2026-08-07,5,17,13.2,2,0,17.0,Tarjeta
T1150,2026-08-07,5,17,83.2,9,0,35.0,Efectivo
T1151,2026-08-07,5,17,14.0,1,0,19.0,Efectivo
T1152,2026-08-07,5,17,31.2,5,0,84.0,Efectivo
T1153,2026-08-07,5,18,5.0,1,0,29.0,Efectivo
T1154,2026-08-07,5,18,7.6,2,1,4.0,Efectivo
T1155,2026-08-07,5,21,98.1,7,0,91.0,Yape
T1156,2026-08-08,6,7,67.7,2,0,16.0,Yape
T1157,2026-08-08,6,12,25.9,2,0,62.0,Efectivo
T1158,2026-08-08,6,15,13.9,1,0,33.0,Efectivo
T1159,2026-08-08,6,15,7.8,2,0,32.0,Plin
T1160,2026-08-08,6,16,8.7,1,0,28.0,Yape
T1161,2026-08-08,6,17,10.6,1,0,38.0,Efectivo
T1162,2026-08-08,6,17,7.3,1,0,19.0,Yape
T1163,2026-08-08,6,17,13.7,1,1,4.0,Yape
T1164,2026-08-08,6,17,14.4,1,0,16.0,Tarjeta
T1165,2026-08-08,6,18,12.7,2,0,22.0,Plin
T1166,2026-08-08,6,18,11.6,2,0,30.0,
T1167,2026-08-08,6,19,103.2,6,1,8.0,Yape
T1168,2026-08-08,6,20,91.0,6,0,67.0,Tarjeta
T1169,2026-08-08,6,20,92.7,6,0,66.0,Yape
T1170,2026-08-08,6,20,68.6,4,0,75.0,Plin
T1171,2026-08-08,6,22,104.5,9,0,51.0,Yape
T1172,2026-08-09,7,9,15.2,3,0,23.0,Yape
T1173,2026-08-09,7,10,19.7,3,1,5.0,Efectivo
T1174,2026-08-09,7,14,42.8,4,0,45.0,Yape
T1175,2026-08-09,7,15,14.5,1,0,34.0,Plin
T1176,2026-08-09,7,15,15.2,2,0,33.0,Yape
T1177,2026-08-09,7,16,31.2,1,0,22.0,Efectivo
T1178,2026-08-09,7,16,14.2,2,1,5.0,Efectivo
T1179,2026-08-09,7,17,11.1,1,0,29.0,
T1180,2026-08-09,7,18,12.5,2,0,14.0,Efectivo
T1181,2026-08-09,7,19,112.5,9,1,9.0,Yape
T1182,2026-08-09,7,19,72.8,6,0,52.0,Efectivo
T1183,2026-08-09,7,20,108.3,4,0,69.0,Efectivo
T1184,2026-08-09,7,21,87.5,5,0,81.0,Yape
T1185,2026-08-09,7,22,83.9,5,0,63.0,Efectivo
T1186,2026-08-09,7,22,50.0,7,0,80.0,Tarjeta
T1187,2026-08-10,1,8,15.3,2,0,23.0,Yape
T1188,2026-08-10,1,8,15.3,1,0,23.0,Yape
T1189,2026-08-10,1,8,16.4,2,0,18.0,Yape
T1190,2026-08-10,1,9,17.4,3,1,4.0,Efectivo
T1191,2026-08-10,1,9,15.4,2,1,3.0,Yape
T1192,2026-08-10,1,10,17.6,3,0,,Efectivo
T1193,2026-08-10,1,10,18.3,3,0,24.0,Yape
T1194,2026-08-10,1,10,11.7,3,0,16.0,Efectivo
T1195,2026-08-10,1,10,14.8,3,0,22.0,Yape
T1196,2026-08-10,1,12,34.5,4,0,31.0,Efectivo
T1197,2026-08-10,1,12,31.2,3,0,50.0,Tarjeta
T1198,2026-08-10,1,12,38.0,2,0,45.0,Tarjeta
T1199,2026-08-10,1,13,33.4,4,1,6.0,Efectivo
T1200,2026-08-10,1,13,31.1,2,1,2.0,Efectivo
T1201,2026-08-10,1,13,25.9,3,1,6.0,Efectivo
T1202,2026-08-10,1,13,35.7,4,0,36.0,Tarjeta
T1203,2026-08-10,1,14,32.6,4,1,7.0,Tarjeta
T1204,2026-08-10,1,14,12.7,3,0,30.0,Efectivo
T1205,2026-08-10,1,17,8.4,2,0,38.0,Efectivo
T1206,2026-08-10,1,17,7.1,2,0,25.0,Yape
T1207,2026-08-10,1,20,66.2,7,0,74.0,Efectivo
T1208,2026-08-11,2,7,24.7,3,0,36.0,Efectivo
T1209,2026-08-11,2,8,14.0,1,0,28.0,Efectivo
T1210,2026-08-11,2,8,16.4,3,1,5.0,Efectivo
T1211,2026-08-11,2,8,17.8,2,1,5.0,Yape
T1212,2026-08-11,2,8,12.4,3,0,12.0,Plin
T1213,2026-08-11,2,9,17.3,3,1,3.0,Plin
T1214,2026-08-11,2,9,15.5,2,1,6.0,Efectivo
T1215,2026-08-11,2,9,18.7,3,1,4.0,Plin
T1216,2026-08-11,2,9,21.0,1,0,20.0,Yape
T1217,2026-08-11,2,12,38.4,4,0,30.0,Efectivo
T1218,2026-08-11,2,13,35.8,4,1,6.0,Tarjeta
T1219,2026-08-11,2,15,14.3,1,0,35.0,Efectivo
T1220,2026-08-11,2,16,14.6,1,0,27.0,Yape
T1221,2026-08-11,2,16,13.4,1,0,30.0,Efectivo
T1222,2026-08-11,2,16,7.9,1,0,27.0,Yape
T1223,2026-08-11,2,16,18.2,2,0,62.0,Tarjeta
T1224,2026-08-11,2,17,10.0,2,0,13.0,Yape
T1225,2026-08-11,2,18,11.1,1,1,5.0,Efectivo
T1226,2026-08-11,2,18,15.7,1,1,2.0,Efectivo
T1227,2026-08-11,2,18,10.6,1,0,,Efectivo
T1228,2026-08-11,2,18,16.0,2,0,22.0,Tarjeta
T1229,2026-08-11,2,19,91.2,7,0,112.0,Yape
T1230,2026-08-11,2,19,15.0,2,0,48.0,Efectivo
T1231,2026-08-11,2,20,61.4,7,1,10.0,Yape
T1232,2026-08-12,3,8,14.4,3,1,4.0,Plin
T1233,2026-08-12,3,8,13.7,1,0,19.0,Yape
T1234,2026-08-12,3,9,15.6,3,0,23.0,Plin
T1235,2026-08-12,3,10,16.0,2,1,7.0,Plin
T1236,2026-08-12,3,10,21.7,1,0,7.0,Efectivo
T1237,2026-08-12,3,13,37.9,2,0,41.0,Tarjeta
T1238,2026-08-12,3,13,37.7,3,1,3.0,Plin
T1239,2026-08-12,3,14,48.1,2,0,36.0,Yape
T1240,2026-08-12,3,15,8.1,2,0,26.0,Yape
T1241,2026-08-12,3,16,13.1,2,0,17.0,Plin
T1242,2026-08-12,3,16,7.1,2,0,16.0,Yape
T1243,2026-08-12,3,17,11.8,1,0,34.0,Efectivo
T1244,2026-08-12,3,18,15.1,1,0,31.0,Tarjeta
T1245,2026-08-12,3,22,81.0,9,0,52.0,Efectivo
T1246,2026-08-13,4,7,11.0,2,1,2.0,Efectivo
T1247,2026-08-13,4,8,12.8,2,1,2.0,Efectivo
T1248,2026-08-13,4,9,11.0,2,0,30.0,Efectivo
T1249,2026-08-13,4,9,17.9,2,0,19.0,Tarjeta
T1250,2026-08-13,4,10,17.0,3,0,24.0,Yape
T1251,2026-08-13,4,13,39.9,2,0,54.0,Efectivo
T1252,2026-08-13,4,14,27.4,2,0,52.0,Efectivo
T1253,2026-08-13,4,14,33.4,4,0,36.0,Efectivo
T1254,2026-08-13,4,16,7.9,2,0,27.0,Efectivo
T1255,2026-08-13,4,16,10.3,1,0,54.0,Yape
T1256,2026-08-13,4,16,12.3,1,0,46.0,Tarjeta
T1257,2026-08-13,4,17,11.4,1,0,30.0,Tarjeta
T1258,2026-08-14,5,8,12.1,2,0,21.0,Yape
T1259,2026-08-14,5,8,13.5,1,1,3.0,Efectivo
T1260,2026-08-14,5,8,16.9,3,1,5.0,Yape
T1261,2026-08-14,5,13,29.8,4,1,6.0,Yape
T1262,2026-08-14,5,14,37.2,3,0,37.0,Efectivo
T1263,2026-08-14,5,14,30.2,4,0,44.0,Efectivo
T1264,2026-08-14,5,16,50.0,8,1,3.0,Tarjeta
T1265,2026-08-14,5,17,8.4,1,0,34.0,Efectivo
T1266,2026-08-14,5,18,12.5,1,0,23.0,Efectivo
T1267,2026-08-14,5,25,118.3,8,0,81.0,Tarjeta
T1268,2026-08-14,5,19,70.9,5,0,85.0,Tarjeta
T1269,2026-08-14,5,19,82.8,8,0,77.0,Plin
T1270,2026-08-14,5,20,50.4,8,0,73.0,Yape
T1271,2026-08-14,5,20,77.6,8,0,59.0,Efectivo
T1272,2026-08-14,5,20,123.8,6,0,63.0,Tarjeta
T1273,2026-08-14,5,20,67.4,6,0,33.0,Efectivo
T1274,2026-08-14,5,20,87.9,6,0,70.0,Plin
T1275,2026-08-14,5,21,50.0,5,0,87.0,Efectivo
T1276,2026-08-14,5,22,72.6,9,0,78.0,Yape
T1277,2026-08-14,5,22,64.3,4,0,52.0,Tarjeta
T1278,2026-08-15,6,8,11.6,3,1,3.0,Efectivo
T1279,2026-08-15,6,14,42.5,3,0,35.0,
T1280,2026-08-15,6,15,20.2,3,0,18.0,Yape
T1281,2026-08-15,6,17,14.9,1,1,5.0,Efectivo
T1282,2026-08-15,6,17,8.0,1,1,4.0,Tarjeta
T1283,2026-08-15,6,18,13.6,2,0,37.0,Efectivo
T1284,2026-08-15,6,19,101.0,4,0,72.0,Yape
T1285,2026-08-15,6,19,101.2,4,0,71.0,Plin
T1286,2026-08-15,6,20,97.0,5,0,,Tarjeta
T1287,2026-08-15,6,20,103.2,5,0,63.0,Plin
T1288,2026-08-15,6,21,98.2,9,0,84.0,Tarjeta
T1289,2026-08-15,6,21,73.6,7,0,51.0,Tarjeta
T1290,2026-08-15,6,21,63.9,6,0,59.0,
T1291,2026-08-15,6,21,85.4,4,0,47.0,Tarjeta
T1292,2026-08-16,7,12,28.9,1,0,28.0,Yape
T1293,2026-08-16,7,15,9.5,1,0,5.0,Yape
T1294,2026-08-16,7,17,9.1,1,0,21.0,Tarjeta
T1295,2026-08-16,7,17,11.1,2,0,27.0,Yape
T1296,2026-08-16,7,19,63.7,7,0,59.0,Efectivo
T1297,2026-08-16,7,21,97.9,5,0,50.0,Tarjeta
T1298,2026-08-17,1,7,14.5,3,0,13.0,Efectivo
T1299,2026-08-17,1,8,19.5,2,0,21.0,Plin
T1300,2026-08-17,1,9,12.1,2,0,32.0,Tarjeta
T1301,2026-08-17,1,9,13.5,3,0,17.0,Efectivo
T1302,2026-08-17,1,14,36.6,4,0,32.0,Tarjeta
T1303,2026-08-17,1,15,16.3,1,0,38.0,Efectivo
T1304,2026-08-17,1,16,5.0,1,0,32.0,Efectivo
T1305,2026-08-17,1,16,10.4,1,0,25.0,Yape
T1306,2026-08-17,1,17,12.6,2,0,34.0,Yape
T1307,2026-08-17,1,17,7.1,2,1,4.0,Tarjeta
T1308,2026-08-17,1,18,5.4,2,0,46.0,Plin
T1309,2026-08-17,1,18,8.5,1,0,30.0,Efectivo
T1310,2026-08-18,2,7,13.5,2,0,12.0,Yape
T1311,2026-08-18,2,7,16.4,2,1,4.0,Yape
T1312,2026-08-18,2,8,17.6,3,0,30.0,Efectivo
T1313,2026-08-18,2,8,17.6,3,1,6.0,Yape
T1314,2026-08-18,2,9,10.6,1,0,18.0,Tarjeta
T1315,2026-08-18,2,13,37.9,3,0,39.0,Tarjeta
T1316,2026-08-18,2,14,28.6,4,0,37.0,Plin
T1317,2026-08-18,2,14,40.1,4,0,30.0,Efectivo
T1318,2026-08-18,2,14,23.5,3,0,34.0,Efectivo
T1319,2026-08-18,2,15,8.0,2,0,16.0,Plin
T1320,2026-08-18,2,20,89.7,4,0,83.0,Yape
T1321,2026-08-18,2,22,10.7,2,0,16.0,Plin
T1322,2026-08-19,3,7,19.1,1,1,4.0,Efectivo
T1323,2026-08-19,3,7,14.9,1,0,26.0,Efectivo
T1324,2026-08-19,3,9,18.2,2,1,6.0,Tarjeta
T1325,2026-08-19,3,9,20.5,3,1,4.0,Yape
T1326,2026-08-19,3,9,13.7,1,0,9.0,Efectivo
T1327,2026-08-19,3,9,12.5,1,0,22.0,Yape
T1328,2026-08-19,3,9,11.8,3,1,4.0,Yape
T1329,2026-08-19,3,9,21.6,1,0,14.0,Yape
T1330,2026-08-19,3,9,12.4,1,0,24.0,Plin
T1331,2026-08-19,3,13,42.9,3,0,45.0,Tarjeta
T1332,2026-08-19,3,14,30.4,3,1,,Efectivo
T1333,2026-08-19,3,15,10.5,1,0,42.0,Tarjeta
T1333,2026-08-19,3,15,10.5,1,0,42.0,Tarjeta
T1334,2026-08-19,3,15,7.1,1,1,5.0,Plin
T1335,2026-08-19,3,16,9.6,1,1,6.0,Yape
T1336,2026-08-19,3,16,12.9,2,1,6.0,Efectivo
T1337,2026-08-19,3,17,8.3,2,0,31.0,Efectivo
T1338,2026-08-19,3,18,6.7,1,0,9.0,Plin
T1339,2026-08-19,3,21,137.3,7,1,8.0,Efectivo
T1340,2026-08-20,4,7,19.3,3,0,9.0,Efectivo
T1341,2026-08-20,4,8,15.4,1,0,30.0,Efectivo
T1342,2026-08-20,4,8,13.0,3,0,31.0,Tarjeta
T1343,2026-08-20,4,9,16.3,1,1,3.0,Plin
T1344,2026-08-20,4,9,29.2,2,0,31.0,Efectivo
T1345,2026-08-20,4,10,16.5,3,0,20.0,Efectivo
T1346,2026-08-20,4,10,18.9,1,0,27.0,Tarjeta
T1347,2026-08-20,4,12,36.3,4,1,7.0,Tarjeta
T1348,2026-08-20,4,12,31.9,2,0,28.0,Plin
T1349,2026-08-20,4,13,36.9,4,1,8.0,Tarjeta
T1350,2026-08-20,4,13,26.9,3,0,42.0,Yape
T1351,2026-08-20,4,13,32.4,4,0,36.0,Efectivo
T1352,2026-08-20,4,16,9.0,1,0,24.0,Tarjeta
T1353,2026-08-20,4,16,10.4,2,0,37.0,Yape
T1354,2026-08-20,4,17,15.8,2,0,32.0,Yape
T1355,2026-08-20,4,17,15.9,2,0,19.0,Tarjeta
T1356,2026-08-20,4,17,13.9,2,0,,Efectivo
T1357,2026-08-20,4,18,25.0,2,1,4.0,Yape
T1358,2026-08-20,4,22,96.7,9,0,75.0,Yape
T1359,2026-08-21,5,7,17.1,3,0,28.0,Tarjeta
T1360,2026-08-21,5,8,13.3,2,0,25.0,Yape
T1361,2026-08-21,5,8,23.6,1,0,26.0,Efectivo
T1362,2026-08-21,5,13,35.6,3,0,39.0,Efectivo
T1363,2026-08-21,5,13,25.9,4,1,7.0,Efectivo
T1364,2026-08-21,5,13,34.7,4,0,52.0,Efectivo
T1365,2026-08-21,5,15,9.5,1,1,3.0,Plin
T1366,2026-08-21,5,16,13.9,2,1,4.0,Yape
T1367,2026-08-21,5,16,10.1,2,1,5.0,Yape
T1368,2026-08-21,5,18,15.2,1,0,37.0,Tarjeta
T1369,2026-08-21,5,18,14.7,1,0,20.0,Efectivo
T1370,2026-08-21,5,20,71.7,8,0,75.0,Efectivo
T1371,2026-08-21,5,20,72.1,8,0,37.0,Tarjeta
T1372,2026-08-21,5,20,74.8,7,1,3.0,Efectivo
T1373,2026-08-21,5,21,83.4,5,0,65.0,Tarjeta
T1374,2026-08-21,5,21,54.5,9,0,86.0,Efectivo
T1375,2026-08-21,5,21,90.1,6,0,79.0,Tarjeta
T1376,2026-08-21,5,22,90.0,8,0,56.0,Tarjeta
T1377,2026-08-22,6,15,13.3,2,0,28.0,Yape
T1378,2026-08-22,6,16,13.3,2,0,30.0,Yape
T1379,2026-08-22,6,16,7.9,2,0,18.0,Efectivo
T1380,2026-08-22,6,17,10.5,2,0,36.0,Efectivo
T1381,2026-08-22,6,17,5.0,1,0,38.0,Efectivo
T1382,2026-08-22,6,17,5.0,2,0,10.0,Yape
T1383,2026-08-22,6,19,105.0,7,0,63.0,Efectivo
T1384,2026-08-22,6,20,92.9,7,0,75.0,Plin
T1385,2026-08-22,6,20,89.6,4,0,60.0,Tarjeta
T1386,2026-08-22,6,20,72.1,4,0,98.0,Efectivo
T1387,2026-08-22,6,20,116.3,8,0,58.0,Plin
T1388,2026-08-22,6,20,122.5,9,0,92.0,Efectivo
T1389,2026-08-22,6,20,75.4,4,0,93.0,Efectivo
T1390,2026-08-22,6,21,73.7,7,0,90.0,Tarjeta
T1391,2026-08-22,6,21,63.3,7,0,65.0,Efectivo
T1392,2026-08-22,6,21,95.0,8,0,76.0,Plin
T1393,2026-08-22,6,22,73.0,4,0,80.0,Efectivo
T1394,2026-08-22,6,22,70.0,4,0,61.0,Yape
T1395,2026-08-22,6,22,70.8,4,0,69.0,Yape
T1396,2026-08-23,7,13,24.5,8,0,48.0,Efectivo
T1397,2026-08-23,7,16,15.8,1,0,23.0,Tarjeta
T1398,2026-08-23,7,17,9.6,1,1,3.0,Efectivo
T1399,2026-08-23,7,19,101.4,9,0,90.0,Tarjeta
T1400,2026-08-23,7,20,86.1,4,0,82.0,Yape
T1401,2026-08-23,7,21,108.5,4,0,56.0,Yape
T1402,2026-08-23,7,21,80.2,4,1,5.0,Tarjeta
T1403,2026-08-24,1,8,20.0,1,1,5.0,Efectivo
T1404,2026-08-24,1,8,19.6,3,0,7.0,Plin
T1405,2026-08-24,1,8,13.0,1,0,23.0,Yape
T1406,2026-08-24,1,8,21.5,1,0,23.0,Efectivo
T1407,2026-08-24,1,8,18.5,1,0,19.0,Tarjeta
T1408,2026-08-24,1,9,10.7,1,1,5.0,Efectivo
T1409,2026-08-24,1,9,15.7,3,1,3.0,Yape
T1410,2026-08-24,1,10,15.0,3,1,5.0,Plin
T1411,2026-08-24,1,12,33.3,2,0,32.0,Efectivo
T1412,2026-08-24,1,13,32.0,2,0,43.0,Efectivo
T1413,2026-08-24,1,14,35.1,4,0,26.0,Plin
T1414,2026-08-24,1,15,38.8,3,0,32.0,Efectivo
T1415,2026-08-24,1,16,11.4,1,1,4.0,Plin
T1416,2026-08-24,1,16,10.5,2,0,6.0,Tarjeta
T1417,2026-08-24,1,17,13.7,2,0,19.0,Tarjeta
T1418,2026-08-25,2,8,18.7,3,0,15.0,Plin
T1419,2026-08-25,2,10,17.3,3,0,20.0,Efectivo
T1420,2026-08-25,2,10,23.1,3,0,16.0,Tarjeta
T1421,2026-08-25,2,12,37.5,2,1,4.0,Yape
T1422,2026-08-25,2,12,8.1,3,0,43.0,Yape
T1423,2026-08-25,2,13,29.2,3,0,50.0,Tarjeta
T1424,2026-08-25,2,17,12.6,2,0,37.0,
T1425,2026-08-25,2,18,13.4,2,0,16.0,Tarjeta
T1426,2026-08-26,3,7,18.7,3,0,24.0,Efectivo
T1427,2026-08-26,3,7,20.5,2,0,26.0,Tarjeta
T1428,2026-08-26,3,8,15.9,2,0,15.0,Yape
T1429,2026-08-26,3,8,17.9,2,0,22.0,Yape
T1430,2026-08-26,3,8,21.1,3,0,33.0,Yape
T1431,2026-08-26,3,8,15.4,1,0,21.0,Tarjeta
T1432,2026-08-26,3,8,13.4,3,1,5.0,Plin
T1433,2026-08-26,3,9,19.3,3,0,21.0,Efectivo
T1434,2026-08-26,3,9,15.3,3,1,5.0,Plin
T1435,2026-08-26,3,9,21.5,3,1,3.0,Efectivo
T1436,2026-08-26,3,12,29.4,4,0,37.0,Efectivo
T1437,2026-08-26,3,12,38.8,3,0,37.0,Plin
T1438,2026-08-26,3,13,38.3,2,1,7.0,Tarjeta
T1439,2026-08-26,3,14,-15.0,4,0,58.0,Efectivo
T1440,2026-08-26,3,15,11.5,2,0,32.0,Efectivo
T1441,2026-08-26,3,17,6.6,2,1,2.0,Efectivo
T1442,2026-08-26,3,18,11.8,1,0,27.0,Yape
T1443,2026-08-26,3,18,14.4,1,1,5.0,Yape
T1443,2026-08-26,3,18,14.4,1,1,5.0,Yape
T1444,2026-08-26,3,18,9.6,2,0,33.0,Efectivo
T1445,2026-08-27,4,7,18.0,2,0,27.0,Yape
T1446,2026-08-27,4,7,13.9,2,0,32.0,Efectivo
T1447,2026-08-27,4,7,16.1,3,0,22.0,Efectivo
T1448,2026-08-27,4,9,12.1,2,0,35.0,Efectivo
T1449,2026-08-27,4,10,12.8,2,0,26.0,Tarjeta
T1450,2026-08-27,4,12,34.3,3,0,43.0,Efectivo
T1451,2026-08-27,4,12,31.8,2,1,6.0,Tarjeta
T1452,2026-08-27,4,13,39.0,3,0,45.0,Efectivo
T1453,2026-08-27,4,13,37.9,2,0,41.0,Tarjeta
T1454,2026-08-27,4,14,40.8,2,0,40.0,Yape
T1455,2026-08-27,4,14,37.9,2,0,35.0,Tarjeta
T1456,2026-08-27,4,16,10.8,2,0,39.0,Efectivo
T1457,2026-08-27,4,16,8.1,1,1,4.0,Yape
T1458,2026-08-27,4,17,7.5,1,0,2.0,Efectivo
T1459,2026-08-27,4,17,10.5,1,0,35.0,Efectivo
T1460,2026-08-27,4,18,38.9,4,0,39.0,Tarjeta
T1461,2026-08-27,4,20,-8.5,5,0,58.0,Tarjeta
T1462,2026-08-27,4,20,90.2,7,0,88.0,Plin
T1463,2026-08-27,4,21,86.0,8,0,83.0,Tarjeta
T1464,2026-08-28,5,7,19.6,2,0,21.0,Tarjeta
T1465,2026-08-28,5,8,14.1,2,0,29.0,Efectivo
T1466,2026-08-28,5,9,11.9,1,0,18.0,Efectivo
T1467,2026-08-28,5,10,17.5,2,1,4.0,Plin
T1468,2026-08-28,5,13,39.4,3,0,42.0,Efectivo
T1469,2026-08-28,5,13,36.8,2,0,52.0,Yape
T1470,2026-08-28,5,13,34.9,4,0,46.0,Efectivo
T1471,2026-08-28,5,13,26.9,2,0,49.0,Efectivo
T1472,2026-08-28,5,13,33.6,4,1,8.0,Efectivo
T1473,2026-08-28,5,13,36.2,2,0,37.0,Efectivo
T1474,2026-08-28,5,14,39.7,4,0,39.0,Yape
T1475,2026-08-28,5,14,27.7,2,0,58.0,Yape
T1476,2026-08-28,5,14,32.9,4,0,38.0,Efectivo
T1477,2026-08-28,5,14,32.7,2,1,9.0,Tarjeta
T1478,2026-08-28,5,15,5.2,2,0,38.0,Yape
T1479,2026-08-28,5,17,10.3,1,0,44.0,Tarjeta
T1480,2026-08-28,5,17,13.2,2,0,27.0,Efectivo
T1481,2026-08-28,5,17,10.9,2,1,5.0,Efectivo
T1482,2026-08-28,5,17,8.6,2,0,35.0,Efectivo
T1483,2026-08-28,5,19,121.6,7,0,98.0,Tarjeta
T1484,2026-08-28,5,20,75.4,8,1,15.0,Plin
T1485,2026-08-28,5,21,94.7,8,0,68.0,Tarjeta
T1486,2026-08-28,5,21,93.4,6,0,72.0,Yape
T1487,2026-08-28,5,22,91.8,7,0,75.0,Tarjeta
T1488,2026-08-28,5,22,76.3,7,0,34.0,Plin
T1489,2026-08-28,5,22,110.7,4,0,43.0,Tarjeta
T1490,2026-08-29,6,15,8.5,1,0,41.0,Efectivo
T1491,2026-08-29,6,16,5.7,2,1,4.0,Tarjeta
T1492,2026-08-29,6,16,6.7,1,0,23.0,Efectivo
T1493,2026-08-29,6,17,16.3,2,0,23.0,Efectivo
T1494,2026-08-29,6,17,12.9,2,0,27.0,Efectivo
T1495,2026-08-29,6,19,96.9,5,1,9.0,Plin
T1496,2026-08-29,6,20,81.3,6,0,95.0,Efectivo
T1497,2026-08-29,6,20,68.5,6,0,,Tarjeta
T1498,2026-08-29,6,20,90.3,4,0,48.0,Yape
T1499,2026-08-29,6,21,50.0,6,0,55.0,Yape
T1500,2026-08-29,6,21,70.4,9,0,81.0,Efectivo
T1501,2026-08-29,6,21,15.6,8,0,50.0,Plin
T1502,2026-08-29,6,22,84.6,5,0,58.0,Plin
T1503,2026-08-29,6,22,97.6,6,0,68.0,Efectivo
T1504,2026-08-30,7,13,6.5,1,0,40.0,Efectivo
T1505,2026-08-30,7,13,34.6,3,0,43.0,Tarjeta
T1506,2026-08-30,7,20,67.5,4,0,23.0,Tarjeta
T1507,2026-08-30,7,20,102.0,6,0,54.0,Tarjeta
T1508,2026-08-30,7,21,51.2,7,0,66.0,Plin
